file,split,sr_hz,bit_depth,duration_ms,peak_dbfs,lufs,rms_dbfs,waveform,f0_hz,chord,am_rate_hz,am_depth,envelope,reverb,spec_centroid_hz,bandwidth_hz,zcr,inharmonicity_proxy,roughness_proxy,attack_ms,release_ms,seed,version
bb_0000_triangle_f350_d250_percussive_am30x0.5_minor_rir_medium.wav,val,48000,16,250,-6.313,,-17.809,triangle,350,minor,30,0.5,percussive,rir_medium,1639.537,3502.349,0.021335,1,0.5,0,0,13,1.0.0
bb_0001_triangle_f350_d500_adsr_med_am30x0.0_major_rir_medium.wav,train,48000,16,500,-5.785,,-15.994,triangle,350,major,30,0.0,adsr_med,rir_medium,1747.074,3680.99,0.021168,1,0.0,0,0,13,1.0.0
bb_0002_fm_2to1_f1000_d100_adsr_fast_am0x0.5_minor_rir_small.wav,train,48000,16,100,-8.47,,-18.763,fm_2to1,1000,minor,0,0.5,adsr_fast,rir_small,4123.99,3447.915,0.130235,1,0.5,0,0,13,1.0.0
bb_0003_fm_3to2_f350_d100_adsr_med_am30x0.3_minor_dry.wav,train,48000,16,100,-7.139,,-20.0,fm_3to2,350,minor,30,0.3,adsr_med,dry,1272.371,812.646,0.04876,1,0.3,0,0,13,1.0.0
bb_0004_sine_f500_d100_percussive_am8x0.3_major_rir_small.wav,train,48000,16,100,-8.211,,-18.677,sine,500,major,8,0.3,percussive,rir_small,1532.35,3334.852,0.027297,1,0.3,0,0,13,1.0.0
bb_0005_fm_2to1_f1000_d100_percussive_am0x0.5_single_rir_small.wav,test,48000,16,100,-11.318,,-19.926,fm_2to1,1000,single,0,0.5,percussive,rir_small,3687.486,3670.3,0.064805,0,0.5,0,0,13,1.0.0
bb_0006_square_f750_d250_adsr_med_am30x0.3_major_dry.wav,train,48000,16,250,-10.112,,-20.0,square,750,major,30,0.3,adsr_med,dry,8405.646,7276.549,0.056255,1,0.3,0,0,13,1.0.0
bb_0007_square_f1000_d250_adsr_med_am30x0.3_major_rir_medium.wav,train,48000,16,250,-6.736,,-17.892,square,1000,major,30,0.3,adsr_med,rir_medium,8780.614,7246.723,0.117593,1,0.3,0,0,13,1.0.0
bb_0008_fm_3to2_f350_d250_adsr_fast_am0x0.0_single_rir_medium.wav,train,48000,16,250,-8.614,,-17.155,fm_3to2,350,single,0,0.0,adsr_fast,rir_medium,1151.665,1545.557,0.041753,0,0.0,0,0,13,1.0.0
bb_0009_sine_f1000_d500_adsr_med_am30x0.3_major_dry.wav,train,48000,16,500,-7.564,,-20.0,sine,1000,major,30,0.3,adsr_med,dry,1253.638,206.452,0.052794,1,0.3,0,0,13,1.0.0
bb_0010_triangle_f1000_d100_adsr_med_am8x0.3_single_dry.wav,val,48000,16,100,-11.615,,-20.0,triangle,1000,single,8,0.3,adsr_med,dry,2024.948,3061.072,0.041675,0,0.3,0,0,13,1.0.0
bb_0011_triangle_f750_d100_percussive_am0x0.5_minor_dry.wav,test,48000,16,100,-7.935,,-20.0,triangle,750,minor,0,0.5,percussive,dry,1876.044,2934.169,0.042717,1,0.5,0,0,13,1.0.0
bb_0012_fm_3to2_f750_d100_adsr_fast_am0x0.0_major_rir_medium.wav,train,48000,16,100,-8.115,,-19.332,fm_3to2,750,major,0,0.0,adsr_fast,rir_medium,3013.562,2548.677,0.11044,1,0.0,0,0,13,1.0.0
bb_0013_triangle_f500_d500_adsr_med_am8x0.0_major_rir_medium.wav,train,48000,16,500,-7.458,,-17.669,triangle,500,major,8,0.0,adsr_med,rir_medium,1647.298,3100.921,0.027459,1,0.0,0,0,13,1.0.0
bb_0014_fm_2to1_f500_d500_percussive_am8x0.5_major_rir_small.wav,train,48000,16,500,-4.718,,-17.054,fm_2to1,500,major,8,0.5,percussive,rir_small,2404.534,2582.172,0.085795,1,0.5,0,0,13,1.0.0
bb_0015_triangle_f500_d250_adsr_fast_am8x0.5_major_rir_small.wav,train,48000,16,250,-5.681,,-17.494,triangle,500,major,8,0.5,adsr_fast,rir_small,1863.018,3412.628,0.030836,1,0.5,0,0,13,1.0.0
bb_0016_fm_3to2_f1000_d100_adsr_med_am30x0.0_major_rir_small.wav,train,48000,16,100,-7.675,,-18.441,fm_3to2,1000,major,30,0.0,adsr_med,rir_small,4003.505,3068.45,0.146697,1,0.0,0,0,13,1.0.0
bb_0017_fm_3to2_f350_d100_adsr_fast_am0x0.3_single_rir_medium.wav,val,48000,16,100,-12.189,,-19.394,fm_3to2,350,single,0,0.3,adsr_fast,rir_medium,1153.658,1451.339,0.037925,0,0.3,0,0,13,1.0.0
bb_0018_sine_f350_d100_adsr_fast_am8x0.3_single_dry.wav,train,48000,16,100,-12.925,,-20.0,sine,350,single,8,0.3,adsr_fast,dry,353.634,169.989,0.014586,0,0.3,0,0,13,1.0.0
bb_0019_triangle_f750_d100_percussive_am30x0.3_minor_rir_medium.wav,train,48000,16,100,-6.289,,-19.617,triangle,750,minor,30,0.3,percussive,rir_medium,2080.823,3313.787,0.043759,1,0.3,0,0,13,1.0.0
bb_0020_fm_3to2_f1000_d500_adsr_fast_am30x0.3_major_rir_small.wav,train,48000,16,500,-4.05,,-16.163,fm_3to2,1000,major,30,0.3,adsr_fast,rir_small,3984.31,2714.361,0.159965,1,0.3,0,0,13,1.0.0
bb_0021_sine_f500_d500_adsr_fast_am30x0.5_major_rir_medium.wav,train,48000,16,500,-5.486,,-17.19,sine,500,major,30,0.5,adsr_fast,rir_medium,855.579,1691.689,0.026293,1,0.5,0,0,13,1.0.0
bb_0022_square_f750_d500_adsr_med_am0x0.3_major_rir_small.wav,train,48000,16,500,-4.952,,-14.534,square,750,major,0,0.3,adsr_med,rir_small,8769.897,7387.087,0.091712,1,0.3,0,0,13,1.0.0
bb_0023_triangle_f1000_d250_adsr_med_am8x0.3_single_dry.wav,train,48000,16,250,-10.327,,-20.0,triangle,1000,single,8,0.3,adsr_med,dry,2024.882,3061.0,0.04167,0,0.3,0,0,13,1.0.0
bb_0024_fm_2to1_f1000_d250_percussive_am8x0.0_minor_rir_medium.wav,train,48000,16,250,-5.711,,-18.397,fm_2to1,1000,minor,8,0.0,percussive,rir_medium,4360.489,3236.525,0.175265,1,0.0,0,0,13,1.0.0
bb_0025_fm_3to2_f1000_d250_percussive_am0x0.3_major_rir_small.wav,train,48000,16,250,-5.729,,-17.017,fm_3to2,1000,major,0,0.3,percussive,rir_small,4115.132,2992.449,0.156763,1,0.3,0,0,13,1.0.0
bb_0026_square_f750_d250_percussive_am0x0.5_minor_dry.wav,train,48000,16,250,-8.526,,-20.0,square,750,minor,0,0.5,percussive,dry,8825.077,7327.183,0.054838,1,0.5,0,0,13,1.0.0
bb_0027_square_f1000_d250_adsr_med_am0x0.3_minor_rir_medium.wav,train,48000,16,250,-7.676,,-18.287,square,1000,minor,0,0.3,adsr_med,rir_medium,9205.531,7261.752,0.117426,1,0.3,0,0,13,1.0.0
bb_0028_fm_3to2_f1000_d250_adsr_fast_am8x0.5_major_dry.wav,train,48000,16,250,-7.55,,-20.0,fm_3to2,1000,major,8,0.5,adsr_fast,dry,3647.163,2385.487,0.141928,1,0.5,0,0,13,1.0.0
bb_0029_fm_3to2_f750_d100_adsr_fast_am30x0.3_minor_rir_medium.wav,train,48000,16,100,-6.162,,-19.307,fm_3to2,750,minor,30,0.3,adsr_fast,rir_medium,2885.932,2341.548,0.107106,1,0.3,0,0,13,1.0.0
bb_0030_square_f750_d100_adsr_fast_am30x0.0_single_dry.wav,train,48000,16,100,-15.141,,-20.0,square,750,single,30,0.0,adsr_fast,dry,9143.039,7383.374,0.031257,0,0.0,0,0,13,1.0.0
bb_0031_triangle_f1000_d500_adsr_fast_am30x0.3_minor_rir_medium.wav,train,48000,16,500,-6.533,,-17.079,triangle,1000,minor,30,0.3,adsr_fast,rir_medium,2710.562,3752.671,0.052836,1,0.3,0,0,13,1.0.0
bb_0032_fm_2to1_f500_d100_adsr_med_am0x0.3_major_rir_medium.wav,train,48000,16,100,-7.382,,-19.555,fm_2to1,500,major,0,0.3,adsr_med,rir_medium,2063.972,2043.416,0.065222,1,0.3,0,0,13,1.0.0
bb_0033_square_f500_d500_percussive_am0x0.3_minor_dry.wav,train,48000,16,500,-7.866,,-20.0,square,500,minor,0,0.3,percussive,dry,8437.656,7385.992,0.036835,1,0.3,0,0,13,1.0.0
bb_0034_fm_2to1_f1000_d100_percussive_am30x0.5_minor_rir_medium.wav,train,48000,16,100,-6.075,,-19.735,fm_2to1,1000,minor,30,0.5,percussive,rir_medium,3837.071,3014.884,0.132319,1,0.5,0,0,13,1.0.0
bb_0035_fm_3to2_f350_d500_adsr_med_am30x0.3_minor_dry.wav,train,48000,16,500,-8.274,,-20.0,fm_3to2,350,minor,30,0.3,adsr_med,dry,1251.45,815.703,0.049377,1,0.3,0,0,13,1.0.0
bb_0036_fm_2to1_f350_d500_adsr_med_am8x0.5_minor_rir_small.wav,train,48000,16,500,-3.427,,-15.083,fm_2to1,350,minor,8,0.5,adsr_med,rir_small,1421.805,1755.005,0.045669,1,0.5,0,0,13,1.0.0
bb_0037_fm_2to1_f1000_d500_percussive_am8x0.5_single_rir_small.wav,train,48000,16,500,-8.956,,-19.948,fm_2to1,1000,single,8,0.5,percussive,rir_small,3350.464,3582.692,0.060961,0,0.5,0,0,13,1.0.0
bb_0038_fm_2to1_f350_d100_adsr_fast_am8x0.0_major_dry.wav,val,48000,16,100,-8.821,,-20.0,fm_2to1,350,major,8,0.0,adsr_fast,dry,1335.406,1045.035,0.046051,1,0.0,0,0,13,1.0.0
bb_0039_square_f750_d100_percussive_am30x0.0_minor_rir_medium.wav,train,48000,16,100,-9.824,,-19.562,square,750,minor,30,0.0,percussive,rir_medium,7947.596,7202.105,0.072515,1,0.0,0,0,13,1.0.0
bb_0040_fm_3to2_f1000_d100_adsr_fast_am0x0.3_major_dry.wav,train,48000,16,100,-7.983,,-20.0,fm_3to2,1000,major,0,0.3,adsr_fast,dry,3663.591,2399.576,0.143363,1,0.3,0,0,13,1.0.0
bb_0041_fm_3to2_f1000_d250_adsr_fast_am30x0.5_major_dry.wav,train,48000,16,250,-5.435,,-20.0,fm_3to2,1000,major,30,0.5,adsr_fast,dry,3636.689,2380.615,0.141928,1,0.5,0,0,13,1.0.0
bb_0042_sine_f750_d250_percussive_am0x0.3_major_rir_small.wav,train,48000,16,250,-6.172,,-15.751,sine,750,major,0,0.3,percussive,rir_small,1814.371,3299.193,0.03892,1,0.3,0,0,13,1.0.0
bb_0043_fm_3to2_f500_d100_adsr_fast_am0x0.5_major_dry.wav,train,48000,16,100,-7.463,,-20.0,fm_3to2,500,major,0,0.5,adsr_fast,dry,1810.389,1190.886,0.072723,1,0.5,0,0,13,1.0.0
bb_0044_fm_3to2_f500_d500_adsr_fast_am0x0.5_single_rir_small.wav,train,48000,16,500,-6.774,,-16.255,fm_3to2,500,single,0,0.5,adsr_fast,rir_small,1861.632,2295.498,0.062003,0,0.5,0,0,13,1.0.0
bb_0045_triangle_f750_d500_adsr_fast_am0x0.3_minor_dry.wav,train,48000,16,500,-8.565,,-20.0,triangle,750,minor,0,0.3,adsr_fast,dry,1899.713,2977.736,0.042752,1,0.3,0,0,13,1.0.0
bb_0046_fm_3to2_f1000_d100_adsr_med_am8x0.3_major_rir_medium.wav,train,48000,16,100,-8.821,,-19.69,fm_3to2,1000,major,8,0.3,adsr_med,rir_medium,3914.69,2985.32,0.139404,1,0.3,0,0,13,1.0.0
bb_0047_fm_2to1_f1000_d500_adsr_med_am30x0.0_minor_rir_medium.wav,train,48000,16,500,-4.017,,-15.486,fm_2to1,1000,minor,30,0.0,adsr_med,rir_medium,4302.243,3144.091,0.177549,1,0.0,0,0,13,1.0.0
bb_0048_square_f1000_d250_adsr_med_am0x0.5_major_dry.wav,train,48000,16,250,-11.687,,-20.0,square,1000,major,0,0.5,adsr_med,dry,9068.971,7272.155,0.074173,1,0.5,0,0,13,1.0.0
bb_0049_fm_2to1_f1000_d500_adsr_med_am0x0.0_single_rir_medium.wav,train,48000,16,500,-3.872,,-14.026,fm_2to1,1000,single,0,0.0,adsr_med,rir_medium,3357.648,2962.807,0.104463,0,0.0,0,0,13,1.0.0
bb_0050_sine_f1000_d500_percussive_am0x0.3_major_rir_small.wav,train,48000,16,500,-5.503,,-18.148,sine,1000,major,0,0.3,percussive,rir_small,1614.269,2088.044,0.054711,1,0.3,0,0,13,1.0.0
bb_0051_triangle_f750_d100_percussive_am0x0.3_major_dry.wav,train,48000,16,100,-6.44,,-20.0,triangle,750,major,0,0.3,percussive,dry,1950.223,3040.576,0.043551,1,0.3,0,0,13,1.0.0
bb_0052_triangle_f750_d250_percussive_am0x0.3_minor_rir_small.wav,train,48000,16,250,-6.655,,-16.795,triangle,750,minor,0,0.3,percussive,rir_small,2374.095,3800.716,0.041503,1,0.3,0,0,13,1.0.0
bb_0053_fm_3to2_f1000_d250_adsr_fast_am0x0.5_minor_rir_medium.wav,train,48000,16,250,-7.374,,-17.937,fm_3to2,1000,minor,0,0.5,adsr_fast,rir_medium,3890.06,2772.721,0.151263,1,0.5,0,0,13,1.0.0
bb_0054_fm_3to2_f750_d250_adsr_med_am30x0.5_single_dry.wav,train,48000,16,250,-10.918,,-20.0,fm_3to2,750,single,30,0.5,adsr_med,dry,2174.971,1362.049,0.078173,0,0.5,0,0,13,1.0.0
bb_0055_triangle_f1000_d250_adsr_fast_am30x0.3_minor_dry.wav,train,48000,16,250,-6.52,,-20.0,triangle,1000,minor,30,0.3,adsr_fast,dry,2347.695,3238.316,0.056755,1,0.3,0,0,13,1.0.0
bb_0056_square_f1000_d250_percussive_am0x0.0_minor_rir_small.wav,val,48000,16,250,-8.527,,-17.995,square,1000,minor,0,0.0,percussive,rir_small,9038.802,7238.719,0.123094,1,0.0,0,0,13,1.0.0
bb_0057_fm_2to1_f350_d250_percussive_am8x0.5_minor_rir_small.wav,train,48000,16,250,-6.239,,-16.925,fm_2to1,350,minor,8,0.5,percussive,rir_small,1543.787,2143.931,0.049421,1,0.5,0,0,13,1.0.0
bb_0058_triangle_f350_d500_adsr_med_am0x0.3_single_dry.wav,train,48000,16,500,-12.007,,-20.0,triangle,350,single,0,0.3,adsr_med,dry,857.07,1993.859,0.014584,0,0.3,0,0,13,1.0.0
bb_0059_fm_2to1_f750_d500_percussive_am0x0.3_major_rir_small.wav,train,48000,16,500,-5.482,,-15.347,fm_2to1,750,major,0,0.3,percussive,rir_small,2829.149,2747.257,0.087712,1,0.3,0,0,13,1.0.0
bb_0060_sine_f500_d500_percussive_am8x0.0_minor_rir_small.wav,train,48000,16,500,-6.941,,-15.622,sine,500,minor,8,0.0,percussive,rir_small,987.233,2192.302,0.025709,1,0.0,0,0,13,1.0.0
bb_0061_fm_2to1_f500_d100_adsr_fast_am0x0.0_minor_rir_small.wav,train,48000,16,100,-8.244,,-17.678,fm_2to1,500,minor,0,0.0,adsr_fast,rir_small,2147.029,2332.869,0.068139,1,0.0,0,0,13,1.0.0
bb_0062_square_f750_d100_adsr_med_am0x0.5_minor_rir_small.wav,val,48000,16,100,-8.787,,-18.167,square,750,minor,0,0.5,adsr_med,rir_small,7449.824,7121.714,0.087727,1,0.5,0,0,13,1.0.0
bb_0063_fm_2to1_f750_d250_percussive_am30x0.0_single_dry.wav,train,48000,16,250,-9.944,,-20.0,fm_2to1,750,single,30,0.0,percussive,dry,2273.529,1720.528,0.031253,0,0.0,0,0,13,1.0.0
bb_0064_fm_2to1_f750_d500_adsr_med_am0x0.3_single_rir_medium.wav,train,48000,16,500,-11.716,,-21.225,fm_2to1,750,single,0,0.3,adsr_med,rir_medium,3338.794,3837.764,0.092837,0,0.3,0,0,13,1.0.0
bb_0065_fm_3to2_f750_d250_percussive_am30x0.3_single_dry.wav,val,48000,16,250,-9.121,,-20.0,fm_3to2,750,single,30,0.3,percussive,dry,2176.241,1361.353,0.078173,0,0.3,0,0,13,1.0.0
bb_0066_sine_f500_d250_percussive_am30x0.5_major_rir_small.wav,train,48000,16,250,-3.82,,-17.773,sine,500,major,30,0.5,percussive,rir_small,1385.11,3069.852,0.026419,1,0.5,0,0,13,1.0.0
bb_0067_triangle_f350_d100_adsr_fast_am0x0.5_major_rir_small.wav,train,48000,16,100,-7.23,,-17.499,triangle,350,major,0,0.5,adsr_fast,rir_small,1249.158,2785.199,0.020838,1,0.5,0,0,13,1.0.0
bb_0068_triangle_f1000_d500_adsr_fast_am8x0.0_single_rir_medium.wav,train,48000,16,500,-4.158,,-14.699,triangle,1000,single,8,0.0,adsr_fast,rir_medium,2112.443,3175.845,0.042085,0,0.0,0,0,13,1.0.0
bb_0069_sine_f500_d250_adsr_med_am8x0.5_single_dry.wav,train,48000,16,250,-11.429,,-20.0,sine,500,single,8,0.5,adsr_med,dry,500.478,37.546,0.020835,0,0.5,0,0,13,1.0.0
bb_0070_sine_f350_d100_adsr_med_am30x0.0_minor_rir_medium.wav,train,48000,16,100,-7.805,,-19.394,sine,350,minor,30,0.0,adsr_med,rir_medium,1521.424,3620.251,0.018962,1,0.0,0,0,13,1.0.0
bb_0071_fm_3to2_f500_d500_adsr_med_am8x0.3_minor_dry.wav,train,48000,16,500,-7.548,,-20.0,fm_3to2,500,minor,8,0.3,adsr_med,dry,1782.777,1171.403,0.070878,1,0.3,0,0,13,1.0.0
bb_0072_sine_f750_d100_adsr_fast_am8x0.5_major_rir_medium.wav,val,48000,16,100,-8.863,,-19.613,sine,750,major,8,0.5,adsr_fast,rir_medium,1560.002,2796.291,0.040842,1,0.5,0,0,13,1.0.0
bb_0073_square_f350_d250_percussive_am0x0.0_minor_rir_medium.wav,train,48000,16,250,-8.427,,-17.955,square,350,minor,0,0.0,percussive,rir_medium,7043.817,7179.185,0.046171,1,0.0,0,0,13,1.0.0
bb_0074_fm_2to1_f500_d500_adsr_med_am0x0.5_major_rir_medium.wav,train,48000,16,500,-7.171,,-17.28,fm_2to1,500,major,0,0.5,adsr_med,rir_medium,2285.934,2391.96,0.079045,1,0.5,0,0,13,1.0.0
bb_0075_fm_2to1_f1000_d100_adsr_med_am0x0.3_minor_dry.wav,train,48000,16,100,-7.387,,-20.0,fm_2to1,1000,minor,0,0.3,adsr_med,dry,3732.67,2924.035,0.123359,1,0.3,0,0,13,1.0.0
bb_0076_square_f350_d250_adsr_fast_am8x0.5_minor_rir_small.wav,train,48000,16,250,-5.185,,-16.14,square,350,minor,8,0.5,adsr_fast,rir_small,6291.06,6976.954,0.061922,1,0.5,0,0,13,1.0.0
bb_0077_square_f750_d250_adsr_med_am0x0.0_single_dry.wav,train,48000,16,250,-16.462,,-20.0,square,750,single,0,0.0,adsr_med,dry,9775.914,7375.182,0.031253,0,0.0,0,0,13,1.0.0
bb_0078_fm_2to1_f750_d500_adsr_fast_am30x0.5_single_rir_small.wav,train,48000,16,500,-6.909,,-14.853,fm_2to1,750,single,30,0.5,adsr_fast,rir_small,2635.073,2434.944,0.092587,0,0.5,0,0,13,1.0.0
bb_0079_square_f750_d500_adsr_med_am0x0.5_minor_rir_medium.wav,train,48000,16,500,-5.651,,-15.378,square,750,minor,0,0.5,adsr_med,rir_medium,8791.411,7367.82,0.082337,1,0.5,0,0,13,1.0.0
bb_0080_sine_f500_d500_adsr_med_am8x0.3_major_rir_small.wav,train,48000,16,500,-5.395,,-17.291,sine,500,major,8,0.3,adsr_med,rir_small,1230.114,2756.681,0.026793,1,0.3,0,0,13,1.0.0
bb_0081_fm_3to2_f750_d250_percussive_am0x0.5_major_dry.wav,train,48000,16,250,-5.796,,-20.0,fm_3to2,750,major,0,0.5,percussive,dry,2728.927,1785.117,0.106342,1,0.5,0,0,13,1.0.0
bb_0082_fm_2to1_f1000_d500_adsr_fast_am30x0.5_single_dry.wav,train,48000,16,500,-9.598,,-20.0,fm_2to1,1000,single,30,0.5,adsr_fast,dry,3031.026,2291.773,0.041668,0,0.5,0,0,13,1.0.0
bb_0083_triangle_f350_d250_adsr_med_am8x0.3_minor_dry.wav,test,48000,16,250,-7.315,,-20.0,triangle,350,minor,8,0.3,adsr_med,dry,987.496,2092.701,0.020085,1,0.3,0,0,13,1.0.0
bb_0084_triangle_f500_d100_adsr_fast_am0x0.5_single_rir_medium.wav,val,48000,16,100,-10.43,,-19.618,triangle,500,single,0,0.5,adsr_fast,rir_medium,1159.862,2345.365,0.020838,0,0.5,0,0,13,1.0.0
bb_0085_fm_2to1_f500_d500_percussive_am8x0.0_minor_rir_medium.wav,train,48000,16,500,-5.317,,-18.762,fm_2to1,500,minor,8,0.0,percussive,rir_medium,2350.53,2444.513,0.100088,1,0.0,0,0,13,1.0.0
bb_0086_sine_f750_d100_adsr_med_am30x0.5_minor_dry.wav,train,48000,16,100,-6.561,,-20.0,sine,750,minor,30,0.5,adsr_med,dry,922.026,155.563,0.038966,1,0.5,0,0,13,1.0.0
bb_0087_triangle_f350_d500_adsr_med_am0x0.3_minor_rir_medium.wav,val,48000,16,500,-6.906,,-17.304,triangle,350,minor,0,0.3,adsr_med,rir_medium,1670.66,3519.63,0.021334,1,0.3,0,0,13,1.0.0
bb_0088_fm_2to1_f500_d250_adsr_fast_am0x0.0_major_rir_medium.wav,train,48000,16,250,-8.77,,-18.165,fm_2to1,500,major,0,0.0,adsr_fast,rir_medium,2285.548,2417.426,0.073339,1,0.0,0,0,13,1.0.0
bb_0089_sine_f750_d500_adsr_fast_am8x0.5_minor_rir_small.wav,test,48000,16,500,-4.79,,-16.113,sine,750,minor,8,0.5,adsr_fast,rir_small,1390.987,2479.948,0.037793,1,0.5,0,0,13,1.0.0
bb_0090_square_f750_d250_adsr_fast_am0x0.0_minor_rir_medium.wav,train,48000,16,250,-7.77,,-16.51,square,750,minor,0,0.0,adsr_fast,rir_medium,8541.074,7311.708,0.07884,1,0.0,0,0,13,1.0.0
bb_0091_fm_3to2_f500_d250_adsr_fast_am8x0.3_major_dry.wav,test,48000,16,250,-7.637,,-20.0,fm_3to2,500,major,8,0.3,adsr_fast,dry,1818.421,1189.139,0.071839,1,0.3,0,0,13,1.0.0
bb_0092_fm_3to2_f350_d250_percussive_am8x0.3_major_rir_medium.wav,train,48000,16,250,-5.84,,-17.788,fm_3to2,350,major,8,0.3,percussive,rir_medium,1376.8,1382.255,0.052754,1,0.3,0,0,13,1.0.0
bb_0093_fm_3to2_f500_d250_adsr_med_am0x0.5_major_dry.wav,train,48000,16,250,-9.092,,-20.0,fm_3to2,500,major,0,0.5,adsr_med,dry,1816.349,1192.206,0.071839,1,0.5,0,0,13,1.0.0
bb_0094_sine_f1000_d250_percussive_am30x0.5_minor_rir_small.wav,train,48000,16,250,-4.386,,-17.897,sine,1000,minor,30,0.5,percussive,rir_small,1601.365,2157.376,0.052254,1,0.5,0,0,13,1.0.0
bb_0095_triangle_f1000_d100_adsr_med_am0x0.0_major_dry.wav,train,48000,16,100,-7.049,,-20.0,triangle,1000,major,0,0.0,adsr_med,dry,2396.596,3283.11,0.057929,1,0.0,0,0,13,1.0.0
bb_0096_triangle_f750_d100_percussive_am0x0.3_single_rir_medium.wav,val,48000,16,100,-9.841,,-19.783,triangle,750,single,0,0.3,percussive,rir_medium,2679.488,4433.86,0.032924,0,0.3,0,0,13,1.0.0
bb_0097_fm_3to2_f1000_d100_adsr_fast_am8x0.3_major_dry.wav,test,48000,16,100,-8.466,,-20.0,fm_3to2,1000,major,8,0.3,adsr_fast,dry,3656.89,2398.644,0.143363,1,0.3,0,0,13,1.0.0
bb_0098_triangle_f500_d250_adsr_med_am0x0.3_minor_rir_small.wav,train,48000,16,250,-4.603,,-15.727,triangle,500,minor,0,0.3,adsr_med,rir_small,1608.862,3083.361,0.027836,1,0.3,0,0,13,1.0.0
bb_0099_fm_3to2_f750_d250_percussive_am8x0.3_major_rir_medium.wav,train,48000,16,250,-6.143,,-17.871,fm_3to2,750,major,8,0.3,percussive,rir_medium,3100.513,2606.154,0.116426,1,0.3,0,0,13,1.0.0
bb_0100_triangle_f750_d100_adsr_fast_am30x0.0_single_dry.wav,test,48000,16,100,-10.379,,-20.0,triangle,750,single,30,0.0,adsr_fast,dry,1607.931,2746.439,0.031257,0,0.0,0,0,13,1.0.0
bb_0101_triangle_f500_d250_adsr_fast_am0x0.3_minor_dry.wav,train,48000,16,250,-9.012,,-20.0,triangle,500,minor,0,0.3,adsr_fast,dry,1349.538,2503.391,0.028419,1,0.3,0,0,13,1.0.0
bb_0102_fm_3to2_f1000_d100_percussive_am30x0.0_minor_dry.wav,train,48000,16,100,-7.452,,-20.0,fm_3to2,1000,minor,30,0.0,percussive,dry,3582.746,2368.195,0.143572,1,0.0,0,0,13,1.0.0
bb_0103_fm_2to1_f1000_d500_adsr_fast_am30x0.3_minor_dry.wav,val,48000,16,500,-6.933,,-20.0,fm_2to1,1000,minor,30,0.3,adsr_fast,dry,3724.075,2929.843,0.122755,1,0.3,0,0,13,1.0.0
bb_0104_fm_2to1_f1000_d250_percussive_am8x0.3_minor_rir_medium.wav,train,48000,16,250,-6.274,,-18.612,fm_2to1,1000,minor,8,0.3,percussive,rir_medium,4284.802,3198.152,0.171931,1,0.3,0,0,13,1.0.0
bb_0105_sine_f350_d500_adsr_med_am30x0.5_major_rir_medium.wav,train,48000,16,500,-4.562,,-15.918,sine,350,major,30,0.5,adsr_med,rir_medium,1213.811,3084.416,0.019667,1,0.5,0,0,13,1.0.0
bb_0106_fm_3to2_f500_d500_adsr_med_am8x0.3_single_rir_medium.wav,test,48000,16,500,-6.562,,-17.348,fm_3to2,500,single,8,0.3,adsr_med,rir_medium,1860.74,2502.375,0.056461,0,0.3,0,0,13,1.0.0
bb_0107_sine_f750_d250_percussive_am30x0.5_major_dry.wav,train,48000,16,250,-3.924,,-20.0,sine,750,major,30,0.5,percussive,dry,939.997,178.832,0.039587,1,0.5,0,0,13,1.0.0
bb_0108_fm_2to1_f1000_d500_adsr_med_am8x0.0_single_rir_medium.wav,train,48000,16,500,-3.872,,-14.026,fm_2to1,1000,single,8,0.0,adsr_med,rir_medium,3357.648,2962.807,0.104463,0,0.0,0,0,13,1.0.0
bb_0109_square_f350_d500_percussive_am0x0.3_major_rir_small.wav,train,48000,16,500,-6.54,,-14.942,square,350,major,0,0.3,percussive,rir_small,6948.752,7209.972,0.052294,1,0.3,0,0,13,1.0.0
bb_0110_square_f500_d250_percussive_am0x0.3_minor_rir_medium.wav,test,48000,16,250,-8.395,,-19.281,square,500,minor,0,0.3,percussive,rir_medium,8081.295,7327.977,0.085507,1,0.3,0,0,13,1.0.0
bb_0111_square_f750_d100_percussive_am8x0.0_minor_rir_medium.wav,train,48000,16,100,-9.824,,-19.562,square,750,minor,8,0.0,percussive,rir_medium,7947.596,7202.105,0.072515,1,0.0,0,0,13,1.0.0
bb_0112_square_f500_d100_percussive_am0x0.3_minor_rir_medium.wav,train,48000,16,100,-9.68,,-19.705,square,500,minor,0,0.3,percussive,rir_medium,7163.892,7128.399,0.047302,1,0.3,0,0,13,1.0.0
bb_0113_fm_2to1_f500_d100_percussive_am8x0.3_minor_dry.wav,train,48000,16,100,-8.078,,-20.0,fm_2to1,500,minor,8,0.3,percussive,dry,1868.554,1470.11,0.064388,1,0.3,0,0,13,1.0.0
bb_0114_triangle_f500_d100_adsr_med_am8x0.0_minor_dry.wav,train,48000,16,100,-7.055,,-20.0,triangle,500,minor,8,0.0,adsr_med,dry,1341.144,2477.579,0.029173,1,0.0,0,0,13,1.0.0
bb_0115_sine_f1000_d500_adsr_med_am30x0.5_minor_rir_small.wav,train,48000,16,500,-4.356,,-16.795,sine,1000,minor,30,0.5,adsr_med,rir_small,1452.009,1735.922,0.05146,1,0.5,0,0,13,1.0.0
bb_0116_sine_f350_d500_adsr_fast_am30x0.3_major_rir_medium.wav,train,48000,16,500,-5.441,,-16.003,sine,350,major,30,0.3,adsr_fast,rir_medium,1132.43,2927.375,0.018917,1,0.3,0,0,13,1.0.0
bb_0117_square_f500_d100_adsr_fast_am8x0.3_single_dry.wav,train,48000,16,100,-15.932,,-20.0,square,500,single,8,0.3,adsr_fast,dry,8132.644,7385.678,0.020838,0,0.3,0,0,13,1.0.0
bb_0118_fm_2to1_f500_d250_adsr_fast_am30x0.0_single_rir_medium.wav,train,48000,16,250,-12.107,,-21.02,fm_2to1,500,single,30,0.0,adsr_fast,rir_medium,1818.027,2195.59,0.042004,0,0.0,0,0,13,1.0.0
bb_0119_fm_2to1_f500_d250_adsr_fast_am0x0.0_minor_dry.wav,train,48000,16,250,-8.653,,-20.0,fm_2to1,500,minor,0,0.0,adsr_fast,dry,1864.663,1463.846,0.063089,1,0.0,0,0,13,1.0.0
bb_0120_fm_3to2_f350_d500_adsr_med_am0x0.0_single_rir_medium.wav,train,48000,16,500,-7.201,,-15.945,fm_3to2,350,single,0,0.0,adsr_med,rir_medium,1204.067,1493.649,0.04921,0,0.0,0,0,13,1.0.0
bb_0121_fm_3to2_f1000_d500_percussive_am0x0.0_major_rir_small.wav,train,48000,16,500,-5.184,,-16.547,fm_3to2,1000,major,0,0.0,percussive,rir_small,4098.593,2836.297,0.160007,1,0.0,0,0,13,1.0.0
bb_0122_triangle_f350_d500_adsr_med_am0x0.3_minor_dry.wav,train,48000,16,500,-8.661,,-20.0,triangle,350,minor,0,0.3,adsr_med,dry,1010.368,2158.4,0.020126,1,0.3,0,0,13,1.0.0
bb_0123_sine_f500_d500_adsr_med_am8x0.3_single_dry.wav,train,48000,16,500,-12.053,,-20.0,sine,500,single,8,0.3,adsr_med,dry,500.171,22.58,0.020834,0,0.3,0,0,13,1.0.0
bb_0124_fm_3to2_f1000_d500_adsr_med_am8x0.5_minor_dry.wav,train,48000,16,500,-6.8,,-20.0,fm_3to2,1000,minor,8,0.5,adsr_med,dry,3566.193,2338.832,0.141339,1,0.5,0,0,13,1.0.0
bb_0125_fm_3to2_f1000_d500_adsr_med_am30x0.3_major_rir_medium.wav,train,48000,16,500,-5.467,,-16.347,fm_3to2,1000,major,30,0.3,adsr_med,rir_medium,3923.201,2812.692,0.15084,1,0.3,0,0,13,1.0.0
bb_0126_fm_2to1_f350_d100_percussive_am0x0.0_minor_rir_small.wav,train,48000,16,100,-7.23,,-18.615,fm_2to1,350,minor,0,0.0,percussive,rir_small,1621.473,2300.329,0.04876,1,0.0,0,0,13,1.0.0
bb_0127_fm_3to2_f750_d100_adsr_med_am30x0.0_major_rir_medium.wav,train,48000,16,100,-7.736,,-19.529,fm_3to2,750,major,30,0.0,adsr_med,rir_medium,3013.229,2560.529,0.11044,1,0.0,0,0,13,1.0.0
bb_0128_sine_f500_d250_adsr_fast_am8x0.0_single_rir_medium.wav,train,48000,16,250,-12.446,,-20.885,sine,500,single,8,0.0,adsr_fast,rir_medium,643.553,1167.296,0.020835,0,0.0,0,0,13,1.0.0
bb_0129_fm_2to1_f500_d100_adsr_fast_am0x0.5_single_dry.wav,train,48000,16,100,-11.849,,-20.0,fm_2to1,500,single,0,0.5,adsr_fast,dry,1517.355,1148.235,0.020838,0,0.5,0,0,13,1.0.0
bb_0130_fm_3to2_f350_d500_adsr_med_am8x0.0_single_dry.wav,train,48000,16,500,-13.692,,-20.0,fm_3to2,350,single,8,0.0,adsr_med,dry,1013.414,635.641,0.03646,0,0.0,0,0,13,1.0.0
bb_0131_square_f750_d500_adsr_fast_am0x0.3_single_dry.wav,train,48000,16,500,-15.482,,-20.0,square,750,single,0,0.3,adsr_fast,dry,10270.312,7334.173,0.031251,0,0.3,0,0,13,1.0.0
bb_0132_triangle_f1000_d100_percussive_am30x0.3_major_rir_medium.wav,train,48000,16,100,-5.364,,-19.712,triangle,1000,major,30,0.3,percussive,rir_medium,2492.124,3434.484,0.057304,1,0.3,0,0,13,1.0.0
bb_0133_fm_3to2_f500_d250_percussive_am8x0.0_major_rir_medium.wav,train,48000,16,250,-5.941,,-18.461,fm_3to2,500,major,8,0.0,percussive,rir_medium,2139.639,2349.067,0.077506,1,0.0,0,0,13,1.0.0
bb_0134_fm_3to2_f750_d250_adsr_med_am30x0.5_single_rir_medium.wav,val,48000,16,250,-6.598,,-17.165,fm_3to2,750,single,30,0.5,adsr_med,rir_medium,2212.478,1758.827,0.089591,0,0.5,0,0,13,1.0.0
bb_0135_fm_2to1_f500_d250_percussive_am0x0.0_minor_rir_medium.wav,test,48000,16,250,-5.849,,-19.082,fm_2to1,500,minor,0,0.0,percussive,rir_medium,2321.007,2616.447,0.089007,1,0.0,0,0,13,1.0.0
bb_0136_fm_2to1_f500_d250_adsr_med_am0x0.3_minor_dry.wav,train,48000,16,250,-9.064,,-20.0,fm_2to1,500,minor,0,0.3,adsr_med,dry,1865.618,1464.016,0.063089,1,0.3,0,0,13,1.0.0
bb_0137_fm_2to1_f500_d100_percussive_am30x0.0_minor_rir_medium.wav,val,48000,16,100,-7.133,,-19.7,fm_2to1,500,minor,30,0.0,percussive,rir_medium,2225.462,2601.002,0.067306,1,0.0,0,0,13,1.0.0
bb_0138_triangle_f350_d500_percussive_am30x0.3_major_rir_medium.wav,train,48000,16,500,-3.827,,-16.446,triangle,350,major,30,0.3,percussive,rir_medium,1541.798,3334.179,0.020418,1,0.3,0,0,13,1.0.0
bb_0139_sine_f350_d100_percussive_am0x0.0_major_rir_medium.wav,train,48000,16,100,-8.124,,-19.441,sine,350,major,0,0.0,percussive,rir_medium,1545.309,3642.516,0.018962,1,0.0,0,0,13,1.0.0
bb_0140_square_f350_d100_percussive_am0x0.0_single_dry.wav,train,48000,16,100,-14.599,,-20.0,square,350,single,0,0.0,percussive,dry,6607.12,7107.63,0.014586,0,0.0,0,0,13,1.0.0
bb_0141_fm_2to1_f1000_d250_adsr_fast_am30x0.5_single_rir_small.wav,test,48000,16,250,-9.619,,-19.7,fm_2to1,1000,single,30,0.5,adsr_fast,rir_small,3546.65,3579.298,0.068756,0,0.5,0,0,13,1.0.0
bb_0142_fm_2to1_f750_d250_adsr_med_am8x0.5_single_rir_small.wav,train,48000,16,250,-6.629,,-15.315,fm_2to1,750,single,8,0.5,adsr_med,rir_small,2928.907,3156.263,0.088091,0,0.5,0,0,13,1.0.0
bb_0143_triangle_f350_d250_adsr_med_am30x0.3_single_rir_medium.wav,train,48000,16,250,-6.747,,-16.532,triangle,350,single,30,0.3,adsr_med,rir_medium,1976.481,4155.217,0.014835,0,0.3,0,0,13,1.0.0
bb_0144_square_f1000_d500_percussive_am8x0.3_major_rir_small.wav,train,48000,16,500,-6.175,,-17.887,square,1000,major,8,0.3,percussive,rir_small,9242.758,7191.151,0.135714,1,0.3,0,0,13,1.0.0
bb_0145_sine_f350_d500_percussive_am8x0.5_single_rir_medium.wav,train,48000,16,500,-9.784,,-17.361,sine,350,single,8,0.5,percussive,rir_medium,1567.638,3801.546,0.014792,0,0.5,0,0,13,1.0.0
bb_0146_square_f350_d100_adsr_fast_am30x0.5_single_dry.wav,train,48000,16,100,-13.014,,-20.0,square,350,single,30,0.5,adsr_fast,dry,6607.912,7106.899,0.014586,0,0.5,0,0,13,1.0.0
bb_0147_square_f350_d100_adsr_fast_am8x0.5_major_rir_medium.wav,train,48000,16,100,-11.178,,-19.402,square,350,major,8,0.5,adsr_fast,rir_medium,6376.089,6995.775,0.036466,1,0.5,0,0,13,1.0.0
bb_0148_fm_2to1_f350_d100_adsr_fast_am30x0.0_minor_rir_small.wav,train,48000,16,100,-6.818,,-17.966,fm_2to1,350,minor,30,0.0,adsr_fast,rir_small,1558.019,2150.533,0.050844,1,0.0,0,0,13,1.0.0
bb_0149_fm_3to2_f500_d250_adsr_med_am8x0.5_minor_rir_medium.wav,train,48000,16,250,-6.437,,-18.101,fm_3to2,500,minor,8,0.5,adsr_med,rir_medium,2220.232,2631.411,0.074006,1,0.5,0,0,13,1.0.0
bb_0150_fm_3to2_f1000_d100_percussive_am30x0.5_major_rir_medium.wav,test,48000,16,100,-5.328,,-19.701,fm_3to2,1000,major,30,0.5,percussive,rir_medium,3901.877,2968.626,0.138987,1,0.5,0,0,13,1.0.0
bb_0151_fm_3to2_f750_d100_adsr_med_am8x0.5_minor_rir_medium.wav,train,48000,16,100,-8.774,,-19.699,fm_3to2,750,minor,8,0.5,adsr_med,rir_medium,2865.261,2312.184,0.107106,1,0.5,0,0,13,1.0.0
bb_0152_fm_3to2_f1000_d250_percussive_am30x0.3_minor_dry.wav,train,48000,16,250,-4.669,,-20.0,fm_3to2,1000,minor,30,0.3,percussive,dry,3563.078,2339.809,0.140928,1,0.3,0,0,13,1.0.0
bb_0153_fm_2to1_f350_d500_adsr_med_am8x0.3_major_dry.wav,train,48000,16,500,-7.648,,-20.0,fm_2to1,350,major,8,0.3,adsr_med,dry,1329.938,1041.172,0.044544,1,0.3,0,0,13,1.0.0
bb_0154_fm_3to2_f350_d100_adsr_med_am0x0.0_major_rir_medium.wav,train,48000,16,100,-7.462,,-19.33,fm_3to2,350,major,0,0.0,adsr_med,rir_medium,1356.144,1328.075,0.048343,1,0.0,0,0,13,1.0.0
bb_0155_square_f1000_d100_percussive_am0x0.0_single_rir_medium.wav,train,48000,16,100,-14.599,,-19.801,square,1000,single,0,0.0,percussive,rir_medium,9103.291,7351.458,0.055637,0,0.0,0,0,13,1.0.0
bb_0156_sine_f750_d500_adsr_med_am0x0.5_single_rir_medium.wav,train,48000,16,500,-11.717,,-21.885,sine,750,single,0,0.5,adsr_med,rir_medium,2649.065,4610.299,0.031335,0,0.5,0,0,13,1.0.0
bb_0157_fm_3to2_f1000_d100_adsr_med_am8x0.5_major_rir_small.wav,train,48000,16,100,-7.151,,-18.561,fm_3to2,1000,major,8,0.5,adsr_med,rir_small,4013.563,3091.5,0.152532,1,0.5,0,0,13,1.0.0
bb_0158_fm_2to1_f500_d100_percussive_am30x0.3_single_rir_small.wav,train,48000,16,100,-9.57,,-18.177,fm_2to1,500,single,30,0.3,percussive,rir_small,2217.098,3212.588,0.029381,0,0.3,0,0,13,1.0.0
bb_0159_triangle_f1000_d100_adsr_fast_am30x0.3_single_dry.wav,train,48000,16,100,-8.952,,-20.0,triangle,1000,single,30,0.3,adsr_fast,dry,2024.827,3060.983,0.041675,0,0.3,0,0,13,1.0.0
bb_0160_square_f750_d250_adsr_med_am8x0.3_minor_dry.wav,train,48000,16,250,-10.303,,-20.0,square,750,minor,8,0.3,adsr_med,dry,8553.793,7287.047,0.054838,1,0.3,0,0,13,1.0.0
bb_0161_fm_2to1_f1000_d100_adsr_med_am0x0.3_minor_rir_small.wav,train,48000,16,100,-7.387,,-18.995,fm_2to1,1000,minor,0,0.3,adsr_med,rir_small,4118.056,3481.947,0.132319,1,0.3,0,0,13,1.0.0
bb_0162_fm_2to1_f350_d100_adsr_med_am8x0.3_minor_rir_medium.wav,train,48000,16,100,-8.705,,-19.576,fm_2to1,350,minor,8,0.3,adsr_med,rir_medium,1931.977,3028.037,0.048135,1,0.3,0,0,13,1.0.0
bb_0163_triangle_f750_d250_adsr_fast_am8x0.3_single_dry.wav,train,48000,16,250,-10.571,,-20.0,triangle,750,single,8,0.3,adsr_fast,dry,1606.666,2744.34,0.031253,0,0.3,0,0,13,1.0.0
bb_0164_sine_f750_d250_adsr_fast_am0x0.0_major_rir_small.wav,train,48000,16,250,-6.371,,-15.033,sine,750,major,0,0.0,adsr_fast,rir_small,1609.961,2921.891,0.039087,1,0.0,0,0,13,1.0.0
bb_0165_square_f500_d500_percussive_am8x0.0_major_rir_medium.wav,train,48000,16,500,-7.874,,-17.828,square,500,major,8,0.0,percussive,rir_medium,8619.571,7396.502,0.065961,1,0.0,0,0,13,1.0.0
bb_0166_square_f750_d100_percussive_am0x0.3_minor_rir_small.wav,train,48000,16,100,-9.143,,-18.42,square,750,minor,0,0.3,percussive,rir_small,7457.951,7122.006,0.087727,1,0.3,0,0,13,1.0.0
bb_0167_sine_f350_d500_adsr_fast_am30x0.0_single_rir_small.wav,train,48000,16,500,-8.286,,-12.894,sine,350,single,30,0.0,adsr_fast,rir_small,761.509,2281.278,0.014626,0,0.0,0,0,13,1.0.0
bb_0168_triangle_f1000_d250_adsr_med_am30x0.3_major_rir_small.wav,train,48000,16,250,-2.953,,-17.714,triangle,1000,major,30,0.3,adsr_med,rir_small,2763.015,3721.126,0.056921,1,0.3,0,0,13,1.0.0
bb_0169_square_f750_d250_percussive_am30x0.0_single_rir_small.wav,train,48000,16,250,-10.641,,-16.569,square,750,single,30,0.0,percussive,rir_small,9204.028,7372.287,0.046837,0,0.0,0,0,13,1.0.0
bb_0170_fm_3to2_f1000_d500_adsr_fast_am8x0.0_minor_rir_small.wav,train,48000,16,500,-5.953,,-16.184,fm_3to2,1000,minor,8,0.0,adsr_fast,rir_small,3620.975,2553.674,0.140464,1,0.0,0,0,13,1.0.0
bb_0171_sine_f750_d250_percussive_am8x0.3_major_dry.wav,test,48000,16,250,-6.309,,-20.0,sine,750,major,8,0.3,percussive,dry,942.327,191.355,0.039587,1,0.3,0,0,13,1.0.0
bb_0172_fm_2to1_f1000_d500_adsr_fast_am30x0.0_minor_rir_medium.wav,val,48000,16,500,-4.235,,-15.773,fm_2to1,1000,minor,30,0.0,adsr_fast,rir_medium,4319.101,3119.569,0.181299,1,0.0,0,0,13,1.0.0
bb_0173_fm_3to2_f350_d100_adsr_med_am8x0.5_major_rir_small.wav,train,48000,16,100,-6.293,,-17.97,fm_3to2,350,major,8,0.5,adsr_med,rir_small,1439.049,1761.874,0.047718,1,0.5,0,0,13,1.0.0
bb_0174_fm_3to2_f350_d250_percussive_am0x0.3_minor_dry.wav,train,48000,16,250,-6.701,,-20.0,fm_3to2,350,minor,0,0.3,percussive,dry,1252.531,826.867,0.051004,1,0.3,0,0,13,1.0.0
bb_0175_sine_f750_d250_adsr_med_am0x0.5_single_rir_medium.wav,train,48000,16,250,-11.492,,-20.7,sine,750,single,0,0.5,adsr_med,rir_medium,2875.75,4827.405,0.031919,0,0.5,0,0,13,1.0.0
bb_0176_square_f750_d250_percussive_am30x0.5_single_rir_small.wav,train,48000,16,250,-10.035,,-16.661,square,750,single,30,0.5,percussive,rir_small,8802.819,7340.487,0.066339,0,0.5,0,0,13,1.0.0
bb_0177_fm_2to1_f750_d500_percussive_am30x0.3_single_rir_medium.wav,train,48000,16,500,-8.149,,-20.851,fm_2to1,750,single,30,0.3,percussive,rir_medium,3076.747,3442.686,0.083337,0,0.3,0,0,13,1.0.0
bb_0178_sine_f350_d100_percussive_am8x0.0_major_dry.wav,train,48000,16,100,-8.124,,-20.0,sine,350,major,8,0.0,percussive,dry,521.505,1038.323,0.018546,1,0.0,0,0,13,1.0.0
bb_0179_triangle_f350_d500_adsr_fast_am0x0.0_single_dry.wav,val,48000,16,500,-10.711,,-20.0,triangle,350,single,0,0.0,adsr_fast,dry,857.523,1995.192,0.014584,0,0.0,0,0,13,1.0.0
bb_0180_fm_3to2_f350_d500_percussive_am0x0.3_major_rir_small.wav,train,48000,16,500,-4.722,,-15.449,fm_3to2,350,major,0,0.3,percussive,rir_small,1349.894,1441.644,0.049419,1,0.3,0,0,13,1.0.0
bb_0181_fm_3to2_f1000_d250_adsr_med_am8x0.3_major_dry.wav,test,48000,16,250,-7.404,,-20.0,fm_3to2,1000,major,8,0.3,adsr_med,dry,3648.138,2387.388,0.141928,1,0.3,0,0,13,1.0.0
bb_0182_fm_3to2_f350_d250_adsr_med_am8x0.5_major_rir_medium.wav,test,48000,16,250,-5.305,,-17.447,fm_3to2,350,major,8,0.5,adsr_med,rir_medium,1396.153,1450.669,0.051921,1,0.5,0,0,13,1.0.0
bb_0183_fm_2to1_f750_d500_adsr_med_am0x0.5_major_dry.wav,train,48000,16,500,-8.97,,-20.0,fm_2to1,750,major,0,0.5,adsr_med,dry,2853.574,2230.163,0.094129,1,0.5,0,0,13,1.0.0
bb_0184_fm_3to2_f500_d100_percussive_am30x0.5_major_rir_small.wav,train,48000,16,100,-4.867,,-18.478,fm_3to2,500,major,30,0.5,percussive,rir_small,2148.339,2418.49,0.076683,1,0.5,0,0,13,1.0.0
bb_0185_fm_3to2_f350_d100_adsr_fast_am8x0.3_minor_rir_small.wav,train,48000,16,100,-6.131,,-17.401,fm_3to2,350,minor,8,0.3,adsr_fast,rir_small,1592.359,2221.253,0.049802,1,0.3,0,0,13,1.0.0
bb_0186_square_f750_d250_percussive_am8x0.3_minor_rir_small.wav,train,48000,16,250,-6.671,,-16.989,square,750,minor,8,0.3,percussive,rir_small,8052.226,7225.761,0.093841,1,0.3,0,0,13,1.0.0
bb_0187_triangle_f350_d100_adsr_fast_am30x0.3_minor_rir_small.wav,train,48000,16,100,-6.66,,-17.971,triangle,350,minor,30,0.3,adsr_fast,rir_small,1232.379,2747.942,0.019587,1,0.3,0,0,13,1.0.0
bb_0188_triangle_f500_d500_adsr_fast_am8x0.5_major_dry.wav,train,48000,16,500,-6.63,,-20.0,triangle,500,major,8,0.5,adsr_fast,dry,1377.605,2535.928,0.029168,1,0.5,0,0,13,1.0.0
bb_0189_fm_3to2_f1000_d500_percussive_am0x0.0_single_rir_medium.wav,train,48000,16,500,-6.002,,-17.611,fm_3to2,1000,single,0,0.0,percussive,rir_medium,3193.728,2177.129,0.122338,0,0.0,0,0,13,1.0.0
bb_0190_square_f500_d100_adsr_med_am0x0.0_minor_rir_medium.wav,train,48000,16,100,-10.471,,-19.623,square,500,minor,0,0.0,adsr_med,rir_medium,7146.48,7127.509,0.047302,1,0.0,0,0,13,1.0.0
bb_0191_triangle_f350_d500_percussive_am8x0.0_major_dry.wav,train,48000,16,500,-5.348,,-20.0,triangle,350,major,8,0.0,percussive,dry,1024.235,2173.105,0.020459,1,0.0,0,0,13,1.0.0
bb_0192_triangle_f500_d100_adsr_med_am30x0.0_major_rir_small.wav,train,48000,16,100,-6.962,,-18.431,triangle,500,major,30,0.0,adsr_med,rir_small,1854.932,3450.276,0.031465,1,0.0,0,0,13,1.0.0
bb_0193_fm_3to2_f1000_d500_adsr_fast_am8x0.5_major_rir_small.wav,train,48000,16,500,-3.214,,-16.29,fm_3to2,1000,major,8,0.5,adsr_fast,rir_small,3989.944,2749.341,0.160423,1,0.5,0,0,13,1.0.0
bb_0194_sine_f500_d250_percussive_am0x0.5_single_rir_small.wav,train,48000,16,250,-10.288,,-16.829,sine,500,single,0,0.5,percussive,rir_small,1369.726,3260.746,0.020918,0,0.5,0,0,13,1.0.0
bb_0195_fm_2to1_f350_d250_percussive_am30x0.3_single_rir_medium.wav,train,48000,16,250,-8.823,,-18.123,fm_2to1,350,single,30,0.3,percussive,rir_medium,1808.716,3350.033,0.020668,0,0.3,0,0,13,1.0.0
bb_0196_sine_f750_d100_percussive_am30x0.3_minor_dry.wav,train,48000,16,100,-6.634,,-20.0,sine,750,minor,30,0.3,percussive,dry,942.199,546.277,0.038966,1,0.3,0,0,13,1.0.0
bb_0197_square_f500_d100_adsr_med_am30x0.5_minor_dry.wav,train,48000,16,100,-8.693,,-20.0,square,500,minor,30,0.5,adsr_med,dry,6792.862,7001.452,0.036258,1,0.5,0,0,13,1.0.0
bb_0198_fm_2to1_f500_d500_adsr_fast_am0x0.5_major_rir_medium.wav,train,48000,16,500,-8.246,,-17.314,fm_2to1,500,major,0,0.5,adsr_fast,rir_medium,2263.975,2308.273,0.075878,1,0.5,0,0,13,1.0.0
bb_0199_triangle_f1000_d250_adsr_med_am0x0.3_major_rir_medium.wav,train,48000,16,250,-6.922,,-18.44,triangle,1000,major,0,0.3,adsr_med,rir_medium,2890.865,3972.847,0.054921,1,0.3,0,0,13,1.0.0
bb_0200_triangle_f1000_d100_percussive_am30x0.0_major_rir_small.wav,train,48000,16,100,-6.394,,-18.971,triangle,1000,major,30,0.0,percussive,rir_small,2564.101,3508.96,0.065639,1,0.0,0,0,13,1.0.0
bb_0201_fm_3to2_f500_d250_adsr_fast_am0x0.0_minor_dry.wav,val,48000,16,250,-8.296,,-20.0,fm_3to2,500,minor,0,0.0,adsr_fast,dry,1779.481,1168.663,0.071089,1,0.0,0,0,13,1.0.0
bb_0202_sine_f1000_d100_percussive_am0x0.3_major_rir_small.wav,test,48000,16,100,-7.327,,-18.973,sine,1000,major,0,0.3,percussive,rir_small,1708.325,2338.781,0.054386,1,0.3,0,0,13,1.0.0
bb_0203_sine_f1000_d250_percussive_am30x0.3_major_rir_small.wav,train,48000,16,250,-4.795,,-18.471,sine,1000,major,30,0.3,percussive,rir_small,1778.99,2487.074,0.053921,1,0.3,0,0,13,1.0.0
bb_0204_square_f750_d500_percussive_am8x0.0_minor_rir_small.wav,test,48000,16,500,-7.114,,-16.264,square,750,minor,8,0.0,percussive,rir_small,8992.238,7358.635,0.101046,1,0.0,0,0,13,1.0.0
bb_0205_square_f1000_d250_percussive_am8x0.5_minor_rir_medium.wav,train,48000,16,250,-8.919,,-19.06,square,1000,minor,8,0.5,percussive,rir_medium,9033.823,7256.444,0.12326,1,0.5,0,0,13,1.0.0
bb_0206_fm_2to1_f1000_d100_adsr_fast_am8x0.0_minor_rir_medium.wav,train,48000,16,100,-8.47,,-19.453,fm_2to1,1000,minor,8,0.0,adsr_fast,rir_medium,3881.814,3065.193,0.138571,1,0.0,0,0,13,1.0.0
bb_0207_fm_2to1_f500_d500_percussive_am30x0.3_major_rir_small.wav,train,48000,16,500,-4.574,,-17.01,fm_2to1,500,major,30,0.3,percussive,rir_small,2406.468,2598.301,0.086545,1,0.3,0,0,13,1.0.0
bb_0208_square_f1000_d250_adsr_fast_am0x0.5_single_rir_medium.wav,train,48000,16,250,-8.761,,-19.011,square,1000,single,0,0.5,adsr_fast,rir_medium,10257.965,7309.354,0.07459,0,0.5,0,0,13,1.0.0
bb_0209_triangle_f500_d250_percussive_am0x0.5_single_dry.wav,train,48000,16,250,-8.53,,-20.0,triangle,500,single,0,0.5,percussive,dry,1152.915,2326.014,0.020835,0,0.5,0,0,13,1.0.0
bb_0210_fm_2to1_f350_d500_adsr_fast_am30x0.0_major_dry.wav,train,48000,16,500,-9.302,,-20.0,fm_2to1,350,major,30,0.0,adsr_fast,dry,1329.047,1041.888,0.044544,1,0.0,0,0,13,1.0.0
bb_0211_sine_f750_d500_adsr_med_am30x0.0_major_dry.wav,train,48000,16,500,-10.056,,-20.0,sine,750,major,30,0.0,adsr_med,dry,940.028,153.299,0.039585,1,0.0,0,0,13,1.0.0
bb_0212_triangle_f750_d250_adsr_fast_am0x0.0_major_dry.wav,train,48000,16,250,-6.993,,-20.0,triangle,750,major,0,0.0,adsr_fast,dry,1909.803,2966.112,0.044254,1,0.0,0,0,13,1.0.0
bb_0213_fm_2to1_f750_d100_percussive_am30x0.3_major_rir_medium.wav,train,48000,16,100,-6.847,,-19.688,fm_2to1,750,major,30,0.3,percussive,rir_medium,3336.953,3333.103,0.100438,1,0.3,0,0,13,1.0.0
bb_0214_square_f1000_d100_adsr_fast_am8x0.5_minor_rir_small.wav,train,48000,16,100,-8.977,,-18.738,square,1000,minor,8,0.5,adsr_fast,rir_small,8253.657,7138.188,0.099812,1,0.5,0,0,13,1.0.0
bb_0215_fm_2to1_f1000_d100_adsr_med_am0x0.0_minor_rir_medium.wav,train,48000,16,100,-7.387,,-19.615,fm_2to1,1000,minor,0,0.0,adsr_med,rir_medium,3892.954,3067.633,0.138987,1,0.0,0,0,13,1.0.0
bb_0216_square_f350_d500_adsr_med_am0x0.3_single_rir_small.wav,train,48000,16,500,-8.265,,-13.053,square,350,single,0,0.3,adsr_med,rir_small,6876.075,7297.209,0.014959,0,0.3,0,0,13,1.0.0
bb_0217_square_f750_d250_percussive_am8x0.3_single_rir_small.wav,train,48000,16,250,-10.604,,-16.801,square,750,single,8,0.3,percussive,rir_small,8964.376,7368.99,0.051171,0,0.3,0,0,13,1.0.0
bb_0218_fm_3to2_f750_d250_adsr_fast_am8x0.3_single_dry.wav,train,48000,16,250,-12.329,,-20.0,fm_3to2,750,single,8,0.3,adsr_fast,dry,2175.317,1358.606,0.078173,0,0.3,0,0,13,1.0.0
bb_0219_fm_3to2_f500_d250_adsr_fast_am0x0.3_single_dry.wav,train,48000,16,250,-12.447,,-20.0,fm_3to2,500,single,0,0.3,adsr_fast,dry,1447.296,908.637,0.052088,0,0.3,0,0,13,1.0.0
bb_0220_square_f500_d100_adsr_med_am0x0.3_major_rir_medium.wav,train,48000,16,100,-10.468,,-19.553,square,500,major,0,0.3,adsr_med,rir_medium,7322.494,7172.183,0.048552,1,0.3,0,0,13,1.0.0
bb_0221_square_f350_d100_percussive_am0x0.0_major_rir_small.wav,train,48000,16,100,-9.679,,-18.317,square,350,major,0,0.0,percussive,rir_small,6168.411,6932.315,0.037925,1,0.0,0,0,13,1.0.0
bb_0222_fm_2to1_f500_d500_percussive_am8x0.5_minor_rir_small.wav,train,48000,16,500,-5.04,,-16.023,fm_2to1,500,minor,8,0.5,percussive,rir_small,2057.858,2128.606,0.067711,1,0.5,0,0,13,1.0.0
bb_0223_triangle_f350_d250_adsr_med_am0x0.3_major_rir_medium.wav,train,48000,16,250,-5.557,,-16.207,triangle,350,major,0,0.3,adsr_med,rir_medium,1757.756,3703.181,0.020335,1,0.3,0,0,13,1.0.0
bb_0224_square_f350_d100_adsr_fast_am8x0.3_single_rir_medium.wav,train,48000,16,100,-15.932,,-19.244,square,350,single,8,0.3,adsr_fast,rir_medium,6415.05,7052.46,0.016045,0,0.3,0,0,13,1.0.0
bb_0225_square_f1000_d100_adsr_med_am0x0.3_major_dry.wav,train,48000,16,100,-10.47,,-20.0,square,1000,major,0,0.3,adsr_med,dry,8563.748,7192.894,0.074182,1,0.3,0,0,13,1.0.0
bb_0226_triangle_f750_d100_adsr_fast_am8x0.0_minor_rir_medium.wav,train,48000,16,100,-8.231,,-19.197,triangle,750,minor,8,0.0,adsr_fast,rir_medium,2067.289,3299.2,0.044176,1,0.0,0,0,13,1.0.0
bb_0227_sine_f1000_d500_adsr_fast_am30x0.0_minor_dry.wav,val,48000,16,500,-8.66,,-20.0,sine,1000,minor,30,0.0,adsr_fast,dry,1230.935,208.087,0.05171,1,0.0,0,0,13,1.0.0
bb_0228_fm_2to1_f1000_d500_adsr_fast_am30x0.3_single_rir_medium.wav,train,48000,16,500,-3.289,,-14.677,fm_2to1,1000,single,30,0.3,adsr_fast,rir_medium,3266.23,2787.857,0.102379,0,0.3,0,0,13,1.0.0
bb_0229_triangle_f350_d250_adsr_med_am30x0.0_major_dry.wav,train,48000,16,250,-8.622,,-20.0,triangle,350,major,30,0.0,adsr_med,dry,1017.163,2148.975,0.020252,1,0.0,0,0,13,1.0.0
bb_0230_square_f350_d100_adsr_fast_am30x0.5_major_rir_small.wav,train,48000,16,100,-7.816,,-17.676,square,350,major,30,0.5,adsr_fast,rir_small,5888.322,6830.258,0.040425,1,0.5,0,0,13,1.0.0
bb_0231_triangle_f500_d100_percussive_am0x0.3_single_rir_small.wav,train,48000,16,100,-9.875,,-18.153,triangle,500,single,0,0.3,percussive,rir_small,1785.838,3632.439,0.021046,0,0.3,0,0,13,1.0.0
bb_0232_square_f750_d250_adsr_med_am30x0.3_minor_rir_small.wav,train,48000,16,250,-4.076,,-15.706,square,750,minor,30,0.3,adsr_med,rir_small,8039.091,7249.952,0.099508,1,0.3,0,0,13,1.0.0
bb_0233_fm_3to2_f1000_d500_adsr_med_am0x0.0_single_rir_medium.wav,train,48000,16,500,-5.776,,-16.784,fm_3to2,1000,single,0,0.0,adsr_med,rir_medium,3182.08,2207.718,0.124672,0,0.0,0,0,13,1.0.0
bb_0234_sine_f500_d500_adsr_fast_am8x0.0_single_rir_small.wav,train,48000,16,500,-10.691,,-15.946,sine,500,single,8,0.0,adsr_fast,rir_small,968.73,2428.103,0.020876,0,0.0,0,0,13,1.0.0
bb_0235_triangle_f500_d500_adsr_fast_am30x0.0_major_rir_small.wav,train,48000,16,500,-7.442,,-17.404,triangle,500,major,30,0.0,adsr_fast,rir_small,1834.036,3319.031,0.03046,1,0.0,0,0,13,1.0.0
bb_0236_triangle_f1000_d500_adsr_fast_am30x0.0_major_dry.wav,train,48000,16,500,-8.063,,-20.0,triangle,1000,major,30,0.0,adsr_fast,dry,2426.988,3332.174,0.058044,1,0.0,0,0,13,1.0.0
bb_0237_fm_2to1_f350_d250_adsr_med_am0x0.0_minor_rir_small.wav,train,48000,16,250,-3.675,,-15.588,fm_2to1,350,minor,0,0.0,adsr_med,rir_small,1531.416,1983.883,0.047587,1,0.0,0,0,13,1.0.0
bb_0238_triangle_f1000_d250_percussive_am30x0.5_minor_dry.wav,test,48000,16,250,-4.046,,-20.0,triangle,1000,minor,30,0.5,percussive,dry,2344.389,3230.376,0.056755,1,0.5,0,0,13,1.0.0
bb_0239_fm_2to1_f350_d500_adsr_med_am0x0.3_single_rir_medium.wav,val,48000,16,500,-9.62,,-17.596,fm_2to1,350,single,0,0.3,adsr_med,rir_medium,2025.291,3681.737,0.017501,0,0.3,0,0,13,1.0.0
bb_0240_triangle_f500_d500_percussive_am30x0.0_minor_rir_medium.wav,train,48000,16,500,-6.655,,-19.768,triangle,500,minor,30,0.0,percussive,rir_medium,2083.136,3814.476,0.029585,1,0.0,0,0,13,1.0.0
bb_0241_triangle_f750_d250_adsr_med_am8x0.0_major_rir_medium.wav,train,48000,16,250,-6.38,,-17.872,triangle,750,major,8,0.0,adsr_med,rir_medium,2325.177,3640.958,0.046004,1,0.0,0,0,13,1.0.0
bb_0242_fm_2to1_f500_d250_adsr_fast_am30x0.5_single_rir_small.wav,train,48000,16,250,-7.335,,-16.261,fm_2to1,500,single,30,0.5,adsr_fast,rir_small,2076.035,2899.094,0.027419,0,0.5,0,0,13,1.0.0
bb_0243_fm_3to2_f1000_d250_percussive_am0x0.3_minor_dry.wav,train,48000,16,250,-6.138,,-20.0,fm_3to2,1000,minor,0,0.3,percussive,dry,3564.914,2338.664,0.140928,1,0.3,0,0,13,1.0.0
bb_0244_sine_f350_d250_percussive_am30x0.0_minor_rir_medium.wav,train,48000,16,250,-8.121,,-17.935,sine,350,minor,30,0.0,percussive,rir_medium,1415.472,3450.09,0.019502,1,0.0,0,0,13,1.0.0
bb_0245_fm_2to1_f750_d500_adsr_med_am30x0.0_major_rir_small.wav,train,48000,16,500,-4.579,,-14.771,fm_2to1,750,major,30,0.0,adsr_med,rir_small,2800.39,2683.019,0.086212,1,0.0,0,0,13,1.0.0
bb_0246_fm_2to1_f350_d500_percussive_am30x0.3_single_rir_medium.wav,train,48000,16,500,-8.159,,-17.904,fm_2to1,350,single,30,0.3,percussive,rir_medium,1749.818,3216.556,0.017459,0,0.3,0,0,13,1.0.0
bb_0247_fm_2to1_f750_d250_adsr_fast_am30x0.3_minor_rir_medium.wav,train,48000,16,250,-5.198,,-16.619,fm_2to1,750,minor,30,0.3,adsr_fast,rir_medium,3149.816,2965.816,0.102175,1,0.3,0,0,13,1.0.0
bb_0248_fm_3to2_f1000_d500_adsr_fast_am0x0.0_minor_dry.wav,train,48000,16,500,-8.425,,-20.0,fm_3to2,1000,minor,0,0.0,adsr_fast,dry,3569.335,2341.12,0.141339,1,0.0,0,0,13,1.0.0
bb_0249_triangle_f1000_d100_adsr_med_am0x0.5_major_rir_small.wav,val,48000,16,100,-7.049,,-18.818,triangle,1000,major,0,0.5,adsr_med,rir_small,2570.611,3509.233,0.065222,1,0.5,0,0,13,1.0.0
bb_0250_sine_f1000_d500_percussive_am8x0.0_minor_rir_small.wav,train,48000,16,500,-6.245,,-17.491,sine,1000,minor,8,0.0,percussive,rir_small,1504.297,1868.056,0.052544,1,0.0,0,0,13,1.0.0
bb_0251_sine_f1000_d100_adsr_med_am30x0.0_major_rir_medium.wav,train,48000,16,100,-7.756,,-19.609,sine,1000,major,30,0.0,adsr_med,rir_medium,1730.099,2459.875,0.052719,1,0.0,0,0,13,1.0.0
bb_0252_fm_2to1_f500_d250_percussive_am30x0.3_single_dry.wav,val,48000,16,250,-8.814,,-20.0,fm_2to1,500,single,30,0.3,percussive,dry,1516.107,1146.712,0.020835,0,0.3,0,0,13,1.0.0
bb_0253_sine_f350_d500_adsr_med_am0x0.5_single_rir_medium.wav,train,48000,16,500,-9.584,,-16.704,sine,350,single,0,0.5,adsr_med,rir_medium,1890.285,4217.382,0.014626,0,0.5,0,0,13,1.0.0
bb_0254_square_f1000_d100_adsr_med_am30x0.5_minor_rir_small.wav,train,48000,16,100,-8.667,,-18.883,square,1000,minor,30,0.5,adsr_med,rir_small,7979.269,7066.461,0.093978,1,0.5,0,0,13,1.0.0
bb_0255_square_f750_d100_adsr_med_am0x0.3_major_dry.wav,val,48000,16,100,-10.474,,-20.0,square,750,major,0,0.3,adsr_med,dry,8074.749,7182.194,0.054803,1,0.3,0,0,13,1.0.0
bb_0256_fm_3to2_f750_d250_adsr_fast_am30x0.5_major_rir_small.wav,val,48000,16,250,-3.666,,-16.616,fm_3to2,750,major,30,0.5,adsr_fast,rir_small,2840.457,2364.195,0.103675,1,0.5,0,0,13,1.0.0
bb_0257_fm_2to1_f350_d500_adsr_med_am30x0.0_single_rir_medium.wav,train,48000,16,500,-9.62,,-17.596,fm_2to1,350,single,30,0.0,adsr_med,rir_medium,2025.291,3681.737,0.017501,0,0.0,0,0,13,1.0.0
bb_0258_square_f350_d250_adsr_fast_am0x0.0_minor_rir_small.wav,train,48000,16,250,-6.851,,-15.72,square,350,minor,0,0.0,adsr_fast,rir_small,6622.525,7069.186,0.054921,1,0.0,0,0,13,1.0.0
bb_0259_sine_f1000_d100_adsr_med_am0x0.0_minor_rir_small.wav,train,48000,16,100,-7.788,,-18.972,sine,1000,minor,0,0.0,adsr_med,rir_small,1642.021,2223.891,0.053136,1,0.0,0,0,13,1.0.0
bb_0260_sine_f750_d250_percussive_am30x0.3_minor_rir_small.wav,train,48000,16,250,-5.153,,-16.864,sine,750,minor,30,0.3,percussive,rir_small,1659.544,3057.316,0.03767,1,0.3,0,0,13,1.0.0
bb_0261_fm_2to1_f500_d100_adsr_fast_am8x0.3_minor_dry.wav,train,48000,16,100,-8.827,,-20.0,fm_2to1,500,minor,8,0.3,adsr_fast,dry,1869.408,1463.074,0.064388,1,0.3,0,0,13,1.0.0
bb_0262_sine_f750_d250_percussive_am30x0.5_single_rir_medium.wav,test,48000,16,250,-8.348,,-20.236,sine,750,single,30,0.5,percussive,rir_medium,2258.375,4178.864,0.031253,0,0.5,0,0,13,1.0.0
bb_0263_triangle_f350_d500_adsr_med_am8x0.5_single_rir_small.wav,train,48000,16,500,-5.511,,-13.28,triangle,350,single,8,0.5,adsr_med,rir_small,1070.609,2663.605,0.014626,0,0.5,0,0,13,1.0.0
bb_0264_triangle_f1000_d500_adsr_fast_am0x0.3_major_rir_small.wav,train,48000,16,500,-7.532,,-17.949,triangle,1000,major,0,0.3,adsr_fast,rir_small,2656.1,3606.535,0.060044,1,0.3,0,0,13,1.0.0
bb_0265_fm_3to2_f350_d250_percussive_am30x0.3_minor_dry.wav,test,48000,16,250,-5.216,,-20.0,fm_3to2,350,minor,30,0.3,percussive,dry,1273.575,818.962,0.051004,1,0.3,0,0,13,1.0.0
bb_0266_fm_2to1_f750_d100_adsr_med_am8x0.5_major_rir_small.wav,val,48000,16,100,-8.49,,-18.28,fm_2to1,750,major,8,0.5,adsr_med,rir_small,3252.425,3314.947,0.097729,1,0.5,0,0,13,1.0.0
bb_0267_triangle_f500_d250_percussive_am0x0.5_minor_rir_small.wav,train,48000,16,250,-7.178,,-16.591,triangle,500,minor,0,0.5,percussive,rir_small,1638.867,3141.409,0.028336,1,0.5,0,0,13,1.0.0
bb_0268_square_f350_d250_adsr_fast_am8x0.5_major_rir_small.wav,train,48000,16,250,-4.819,,-15.639,square,350,major,8,0.5,adsr_fast,rir_small,6299.762,6983.786,0.049337,1,0.5,0,0,13,1.0.0
bb_0269_square_f500_d100_adsr_med_am30x0.0_major_rir_small.wav,train,48000,16,100,-8.71,,-18.343,square,500,major,30,0.0,adsr_med,rir_small,6957.68,7051.041,0.071056,1,0.0,0,0,13,1.0.0
bb_0270_fm_3to2_f350_d100_adsr_med_am8x0.3_minor_rir_medium.wav,train,48000,16,100,-8.701,,-19.515,fm_3to2,350,minor,8,0.3,adsr_med,rir_medium,1498.888,1998.198,0.048969,1,0.3,0,0,13,1.0.0
bb_0271_fm_3to2_f1000_d100_percussive_am8x0.0_minor_rir_small.wav,train,48000,16,100,-7.452,,-18.854,fm_3to2,1000,minor,8,0.0,percussive,rir_small,3711.246,2728.148,0.137945,1,0.0,0,0,13,1.0.0
bb_0272_square_f1000_d250_adsr_med_am8x0.5_single_rir_medium.wav,train,48000,16,250,-10.74,,-18.478,square,1000,single,8,0.5,adsr_med,rir_medium,9727.33,7367.078,0.061922,0,0.5,0,0,13,1.0.0
bb_0273_fm_2to1_f500_d250_adsr_fast_am0x0.0_major_dry.wav,train,48000,16,250,-8.854,,-20.0,fm_2to1,500,major,0,0.0,adsr_fast,dry,1902.376,1488.757,0.063089,1,0.0,0,0,13,1.0.0
bb_0274_fm_2to1_f750_d100_percussive_am8x0.3_major_dry.wav,test,48000,16,100,-8.466,,-20.0,fm_2to1,750,major,8,0.3,percussive,dry,2884.037,2335.561,0.092728,1,0.3,0,0,13,1.0.0
bb_0275_fm_2to1_f350_d500_percussive_am8x0.5_single_rir_small.wav,test,48000,16,500,-6.858,,-14.177,fm_2to1,350,single,8,0.5,percussive,rir_small,1350.736,2258.643,0.024918,0,0.5,0,0,13,1.0.0
bb_0276_fm_2to1_f500_d250_percussive_am0x0.0_minor_dry.wav,train,48000,16,250,-5.849,,-20.0,fm_2to1,500,minor,0,0.0,percussive,dry,1863.607,1462.494,0.063089,1,0.0,0,0,13,1.0.0
bb_0277_sine_f750_d500_adsr_med_am30x0.3_single_rir_medium.wav,test,48000,16,500,-10.488,,-21.437,sine,750,single,30,0.3,adsr_med,rir_medium,2301.512,4229.817,0.031501,0,0.3,0,0,13,1.0.0
bb_0278_square_f1000_d500_percussive_am30x0.3_major_dry.wav,train,48000,16,500,-6.666,,-20.0,square,1000,major,30,0.3,percussive,dry,9230.035,7279.508,0.073753,1,0.3,0,0,13,1.0.0
bb_0279_fm_3to2_f350_d250_adsr_med_am30x0.3_single_dry.wav,test,48000,16,250,-11.876,,-20.0,fm_3to2,350,single,30,0.3,adsr_med,dry,1015.2,637.445,0.036503,0,0.3,0,0,13,1.0.0
bb_0280_sine_f1000_d250_adsr_fast_am0x0.5_major_dry.wav,train,48000,16,250,-8.487,,-20.0,sine,1000,major,0,0.5,adsr_fast,dry,1255.751,211.952,0.052671,1,0.5,0,0,13,1.0.0
bb_0281_fm_2to1_f500_d250_adsr_fast_am0x0.0_minor_rir_medium.wav,train,48000,16,250,-8.48,,-18.8,fm_2to1,500,minor,0,0.0,adsr_fast,rir_medium,2280.817,2517.2,0.089007,1,0.0,0,0,13,1.0.0
bb_0282_fm_2to1_f750_d100_percussive_am8x0.0_major_rir_small.wav,train,48000,16,100,-8.179,,-18.397,fm_2to1,750,major,8,0.0,percussive,rir_small,3259.516,3317.664,0.096478,1,0.0,0,0,13,1.0.0
bb_0283_fm_2to1_f350_d100_adsr_fast_am0x0.3_minor_rir_medium.wav,test,48000,16,100,-7.352,,-19.193,fm_2to1,350,minor,0,0.3,adsr_fast,rir_medium,1903.199,2966.958,0.046885,1,0.3,0,0,13,1.0.0
bb_0284_sine_f350_d250_adsr_fast_am8x0.5_minor_rir_medium.wav,train,48000,16,250,-7.323,,-17.609,sine,350,minor,8,0.5,adsr_fast,rir_medium,1347.283,3334.011,0.018835,1,0.5,0,0,13,1.0.0
bb_0285_fm_3to2_f750_d250_adsr_med_am0x0.5_single_rir_medium.wav,train,48000,16,250,-8.581,,-17.364,fm_3to2,750,single,0,0.5,adsr_med,rir_medium,2293.053,2038.003,0.087757,0,0.5,0,0,13,1.0.0
bb_0286_square_f1000_d100_percussive_am0x0.0_major_rir_medium.wav,train,48000,16,100,-9.839,,-19.69,square,1000,major,0,0.0,percussive,rir_medium,8434.564,7182.924,0.092311,1,0.0,0,0,13,1.0.0
bb_0287_square_f1000_d250_adsr_med_am8x0.3_single_rir_small.wav,train,48000,16,250,-9.03,,-19.384,square,1000,single,8,0.3,adsr_med,rir_small,9961.067,7346.184,0.086257,0,0.3,0,0,13,1.0.0
bb_0288_triangle_f500_d500_adsr_fast_am0x0.0_major_rir_medium.wav,train,48000,16,500,-7.442,,-17.7,triangle,500,major,0,0.0,adsr_fast,rir_medium,1635.378,3071.03,0.028126,1,0.0,0,0,13,1.0.0
bb_0289_square_f750_d250_adsr_fast_am8x0.3_single_rir_medium.wav,val,48000,16,250,-12.116,,-20.79,square,750,single,8,0.3,adsr_fast,rir_medium,10167.826,7323.163,0.065589,0,0.3,0,0,13,1.0.0
bb_0290_sine_f500_d500_adsr_med_am0x0.0_major_dry.wav,train,48000,16,500,-9.814,,-20.0,sine,500,major,0,0.0,adsr_med,dry,627.745,110.537,0.026334,1,0.0,0,0,13,1.0.0
bb_0291_square_f500_d500_adsr_fast_am30x0.3_single_rir_medium.wav,val,48000,16,500,-11.242,,-21.504,square,500,single,30,0.3,adsr_fast,rir_medium,9733.338,7472.511,0.032085,0,0.3,0,0,13,1.0.0
bb_0292_square_f1000_d500_adsr_fast_am0x0.3_single_dry.wav,train,48000,16,500,-15.482,,-20.0,square,1000,single,0,0.3,adsr_fast,dry,10318.796,7306.995,0.041668,0,0.3,0,0,13,1.0.0
bb_0293_fm_2to1_f500_d500_percussive_am0x0.0_major_dry.wav,train,48000,16,500,-6.523,,-20.0,fm_2to1,500,major,0,0.0,percussive,dry,1899.095,1487.792,0.063003,1,0.0,0,0,13,1.0.0
bb_0294_square_f750_d100_percussive_am8x0.0_minor_dry.wav,train,48000,16,100,-9.824,,-20.0,square,750,minor,8,0.0,percussive,dry,8085.627,7220.984,0.054803,1,0.0,0,0,13,1.0.0
bb_0295_triangle_f350_d500_adsr_fast_am0x0.0_minor_rir_small.wav,train,48000,16,500,-5.264,,-14.769,triangle,350,minor,0,0.0,adsr_fast,rir_small,1098.085,2474.234,0.018251,1,0.0,0,0,13,1.0.0
bb_0296_sine_f750_d250_percussive_am0x0.5_minor_rir_small.wav,test,48000,16,250,-7.001,,-16.807,sine,750,minor,0,0.5,percussive,rir_small,1796.454,3305.065,0.037503,1,0.5,0,0,13,1.0.0
bb_0297_sine_f350_d100_adsr_med_am30x0.0_major_rir_medium.wav,train,48000,16,100,-7.788,,-19.303,sine,350,major,30,0.0,adsr_med,rir_medium,1550.746,3651.176,0.018962,1,0.0,0,0,13,1.0.0
bb_0298_square_f500_d100_adsr_med_am30x0.5_minor_rir_small.wav,train,48000,16,100,-8.103,,-18.199,square,500,minor,30,0.5,adsr_med,rir_small,6598.178,6967.352,0.050636,1,0.5,0,0,13,1.0.0
bb_0299_square_f350_d100_percussive_am30x0.0_single_dry.wav,train,48000,16,100,-14.599,,-20.0,square,350,single,30,0.0,percussive,dry,6607.12,7107.63,0.014586,0,0.0,0,0,13,1.0.0
bb_0300_sine_f750_d100_percussive_am0x0.3_minor_rir_medium.wav,val,48000,16,100,-8.28,,-19.554,sine,750,minor,0,0.3,percussive,rir_medium,1245.423,2036.592,0.038758,1,0.3,0,0,13,1.0.0
bb_0301_square_f1000_d100_adsr_med_am8x0.0_single_rir_small.wav,train,48000,16,100,-14.405,,-19.874,square,1000,single,8,0.0,adsr_med,rir_small,9069.528,7347.134,0.070223,0,0.0,0,0,13,1.0.0
bb_0302_fm_2to1_f350_d250_percussive_am8x0.5_major_rir_medium.wav,val,48000,16,250,-5.65,,-17.592,fm_2to1,350,major,8,0.5,percussive,rir_medium,1809.199,2778.273,0.052838,1,0.5,0,0,13,1.0.0
bb_0303_fm_3to2_f500_d250_percussive_am30x0.5_minor_rir_medium.wav,val,48000,16,250,-3.757,,-18.266,fm_3to2,500,minor,30,0.5,percussive,rir_medium,1946.228,1931.784,0.073339,1,0.5,0,0,13,1.0.0
bb_0304_fm_2to1_f750_d100_adsr_med_am8x0.5_single_rir_medium.wav,train,48000,16,100,-13.017,,-19.8,fm_2to1,750,single,8,0.5,adsr_med,rir_medium,2917.184,3327.33,0.042092,0,0.5,0,0,13,1.0.0
bb_0305_fm_3to2_f350_d250_adsr_med_am0x0.3_minor_rir_medium.wav,train,48000,16,250,-6.595,,-17.032,fm_3to2,350,minor,0,0.3,adsr_med,rir_medium,1579.218,2222.705,0.051754,1,0.3,0,0,13,1.0.0
bb_0306_triangle_f1000_d250_percussive_am30x0.0_major_dry.wav,train,48000,16,250,-5.102,,-20.0,triangle,1000,major,30,0.0,percussive,dry,2403.29,3299.961,0.057838,1,0.0,0,0,13,1.0.0
bb_0307_triangle_f350_d100_adsr_med_am0x0.3_major_dry.wav,train,48000,16,100,-6.992,,-20.0,triangle,350,major,0,0.3,adsr_med,dry,1004.845,2112.902,0.020629,1,0.3,0,0,13,1.0.0
bb_0308_fm_3to2_f750_d100_adsr_med_am8x0.0_minor_rir_small.wav,train,48000,16,100,-7.726,,-18.534,fm_3to2,750,minor,8,0.0,adsr_med,rir_small,2926.778,2480.158,0.110023,1,0.0,0,0,13,1.0.0
bb_0309_triangle_f1000_d100_percussive_am8x0.3_single_dry.wav,val,48000,16,100,-11.067,,-20.0,triangle,1000,single,8,0.3,percussive,dry,2023.677,3061.918,0.041675,0,0.3,0,0,13,1.0.0
bb_0310_fm_2to1_f1000_d100_percussive_am8x0.3_single_rir_medium.wav,train,48000,16,100,-12.518,,-19.831,fm_2to1,1000,single,8,0.3,percussive,rir_medium,3238.696,2878.474,0.060221,0,0.3,0,0,13,1.0.0
bb_0311_triangle_f500_d250_adsr_fast_am8x0.5_minor_rir_small.wav,train,48000,16,250,-3.634,,-16.276,triangle,500,minor,8,0.5,adsr_fast,rir_small,1584.875,3035.137,0.028002,1,0.5,0,0,13,1.0.0
bb_0312_sine_f500_d100_adsr_med_am0x0.0_minor_dry.wav,train,48000,16,100,-7.783,,-20.0,sine,500,minor,0,0.0,adsr_med,dry,614.657,103.492,0.025839,1,0.0,0,0,13,1.0.0
bb_0313_sine_f1000_d250_adsr_fast_am0x0.5_minor_rir_small.wav,train,48000,16,250,-8.58,,-17.535,sine,1000,minor,0,0.5,adsr_fast,rir_small,1577.332,2011.904,0.052921,1,0.5,0,0,13,1.0.0
bb_0314_fm_2to1_f350_d100_percussive_am8x0.5_single_rir_medium.wav,val,48000,16,100,-12.627,,-19.694,fm_2to1,350,single,8,0.5,percussive,rir_medium,1850.697,3247.614,0.018129,0,0.5,0,0,13,1.0.0
bb_0315_fm_3to2_f1000_d100_percussive_am8x0.0_single_rir_small.wav,train,48000,16,100,-11.619,,-18.8,fm_3to2,1000,single,8,0.0,percussive,rir_small,3339.872,3120.181,0.103563,0,0.0,0,0,13,1.0.0
bb_0316_fm_2to1_f350_d100_adsr_med_am30x0.3_single_rir_medium.wav,train,48000,16,100,-10.912,,-19.42,fm_2to1,350,single,30,0.3,adsr_med,rir_medium,1864.606,3279.596,0.018129,0,0.3,0,0,13,1.0.0
bb_0317_fm_2to1_f500_d100_adsr_med_am8x0.5_minor_rir_medium.wav,train,48000,16,100,-8.829,,-19.742,fm_2to1,500,minor,8,0.5,adsr_med,rir_medium,2226.839,2605.123,0.069806,1,0.5,0,0,13,1.0.0
bb_0318_fm_3to2_f1000_d500_adsr_fast_am0x0.5_single_dry.wav,train,48000,16,500,-12.494,,-20.0,fm_3to2,1000,single,0,0.5,adsr_fast,dry,2900.691,1813.122,0.104171,0,0.5,0,0,13,1.0.0
bb_0319_sine_f500_d500_adsr_med_am0x0.3_major_rir_medium.wav,test,48000,16,500,-8.101,,-17.686,sine,500,major,0,0.3,adsr_med,rir_medium,1073.792,2370.482,0.026293,1,0.3,0,0,13,1.0.0
bb_0320_triangle_f750_d500_adsr_med_am30x0.0_major_dry.wav,train,48000,16,500,-8.79,,-20.0,triangle,750,major,30,0.0,adsr_med,dry,1914.642,2975.301,0.043752,1,0.0,0,0,13,1.0.0
bb_0321_square_f1000_d250_adsr_fast_am8x0.3_major_rir_small.wav,val,48000,16,250,-8.35,,-18.002,square,1000,major,8,0.3,adsr_fast,rir_small,9020.311,7136.278,0.130928,1,0.3,0,0,13,1.0.0
bb_0322_sine_f750_d250_adsr_fast_am8x0.5_minor_rir_small.wav,train,48000,16,250,-4.984,,-16.464,sine,750,minor,8,0.5,adsr_fast,rir_small,1681.115,3096.871,0.037836,1,0.5,0,0,13,1.0.0
bb_0323_fm_2to1_f500_d100_percussive_am0x0.5_minor_rir_small.wav,test,48000,16,100,-7.133,,-18.38,fm_2to1,500,minor,0,0.5,percussive,rir_small,2185.424,2426.5,0.068973,1,0.5,0,0,13,1.0.0
bb_0324_fm_3to2_f350_d500_adsr_med_am0x0.5_major_rir_medium.wav,train,48000,16,500,-5.273,,-15.878,fm_3to2,350,major,0,0.5,adsr_med,rir_medium,1361.11,1311.858,0.054044,1,0.5,0,0,13,1.0.0
bb_0325_sine_f350_d500_adsr_med_am30x0.3_major_rir_medium.wav,train,48000,16,500,-5.206,,-15.951,sine,350,major,30,0.3,adsr_med,rir_medium,1276.247,3200.353,0.019084,1,0.3,0,0,13,1.0.0
bb_0326_triangle_f1000_d500_percussive_am30x0.0_major_dry.wav,train,48000,16,500,-4.569,,-20.0,triangle,1000,major,30,0.0,percussive,dry,2423.009,3327.294,0.058044,1,0.0,0,0,13,1.0.0
bb_0327_triangle_f350_d250_adsr_fast_am0x0.5_minor_dry.wav,train,48000,16,250,-9.637,,-20.0,triangle,350,minor,0,0.5,adsr_fast,dry,1003.185,2131.622,0.020085,1,0.5,0,0,13,1.0.0
bb_0328_sine_f350_d500_adsr_med_am0x0.5_major_rir_medium.wav,val,48000,16,500,-6.515,,-15.994,sine,350,major,0,0.5,adsr_med,rir_medium,1391.006,3400.927,0.019084,1,0.5,0,0,13,1.0.0
bb_0329_fm_3to2_f350_d250_adsr_med_am8x0.0_major_dry.wav,test,48000,16,250,-8.899,,-20.0,fm_3to2,350,major,8,0.0,adsr_med,dry,1278.061,839.99,0.050338,1,0.0,0,0,13,1.0.0
bb_0330_fm_2to1_f350_d250_percussive_am8x0.0_single_rir_small.wav,train,48000,16,250,-8.38,,-15.32,fm_2to1,350,single,8,0.0,percussive,rir_small,1523.496,2600.589,0.023085,0,0.0,0,0,13,1.0.0
bb_0331_sine_f500_d250_adsr_fast_am30x0.3_minor_rir_medium.wav,train,48000,16,250,-7.902,,-19.257,sine,500,minor,30,0.3,adsr_fast,rir_medium,1496.289,3290.902,0.026502,1,0.3,0,0,13,1.0.0
bb_0332_square_f1000_d500_percussive_am8x0.3_minor_rir_small.wav,train,48000,16,500,-6.856,,-17.673,square,1000,minor,8,0.3,percussive,rir_small,9199.865,7280.728,0.121547,1,0.3,0,0,13,1.0.0
bb_0333_fm_3to2_f500_d500_adsr_fast_am30x0.3_major_dry.wav,train,48000,16,500,-5.998,,-20.0,fm_3to2,500,major,30,0.3,adsr_fast,dry,1830.81,1184.596,0.071211,1,0.3,0,0,13,1.0.0
bb_0334_square_f1000_d500_percussive_am8x0.5_single_rir_small.wav,train,48000,16,500,-7.496,,-19.422,square,1000,single,8,0.5,percussive,rir_small,10124.834,7381.654,0.069128,0,0.5,0,0,13,1.0.0
bb_0335_sine_f350_d500_percussive_am8x0.0_major_rir_small.wav,train,48000,16,500,-6.35,,-14.815,sine,350,major,8,0.0,percussive,rir_small,871.556,2378.659,0.017542,1,0.0,0,0,13,1.0.0
bb_0336_fm_3to2_f750_d500_adsr_fast_am0x0.0_minor_rir_small.wav,train,48000,16,500,-6.368,,-16.76,fm_3to2,750,minor,0,0.0,adsr_fast,rir_small,2813.373,2147.743,0.109505,1,0.0,0,0,13,1.0.0
bb_0337_sine_f500_d500_percussive_am0x0.5_single_rir_medium.wav,train,48000,16,500,-9.727,,-21.555,sine,500,single,0,0.5,percussive,rir_medium,648.942,1192.735,0.020834,0,0.5,0,0,13,1.0.0
bb_0338_sine_f1000_d100_percussive_am0x0.5_single_dry.wav,train,48000,16,100,-11.613,,-20.0,sine,1000,single,0,0.5,percussive,dry,1017.305,443.068,0.041675,0,0.5,0,0,13,1.0.0
bb_0339_fm_3to2_f500_d100_adsr_med_am8x0.0_single_rir_small.wav,test,48000,16,100,-10.298,,-18.824,fm_3to2,500,single,8,0.0,adsr_med,rir_small,2119.397,3115.031,0.053761,0,0.0,0,0,13,1.0.0
bb_0340_square_f350_d250_adsr_med_am0x0.5_major_rir_medium.wav,train,48000,16,250,-5.703,,-16.285,square,350,major,0,0.5,adsr_med,rir_medium,6476.55,7054.936,0.051171,1,0.5,0,0,13,1.0.0
bb_0341_fm_2to1_f500_d250_adsr_med_am8x0.3_minor_rir_medium.wav,train,48000,16,250,-7.614,,-18.766,fm_2to1,500,minor,8,0.3,adsr_med,rir_medium,2374.398,2722.325,0.088424,1,0.3,0,0,13,1.0.0
bb_0342_triangle_f350_d250_adsr_fast_am30x0.0_major_rir_small.wav,train,48000,16,250,-5.354,,-15.06,triangle,350,major,30,0.0,adsr_fast,rir_small,1211.502,2712.989,0.020002,1,0.0,0,0,13,1.0.0
bb_0343_fm_2to1_f750_d100_percussive_am0x0.3_single_rir_small.wav,train,48000,16,100,-11.293,,-18.114,fm_2to1,750,single,0,0.3,percussive,rir_small,2939.767,3357.192,0.0398,0,0.3,0,0,13,1.0.0
bb_0344_sine_f1000_d100_adsr_med_am30x0.5_major_rir_medium.wav,train,48000,16,100,-6.236,,-19.621,sine,1000,major,30,0.5,adsr_med,rir_medium,1508.975,1820.328,0.052719,1,0.5,0,0,13,1.0.0
bb_0345_triangle_f350_d250_percussive_am8x0.0_single_dry.wav,train,48000,16,250,-8.636,,-20.0,triangle,350,single,8,0.0,percussive,dry,855.969,1990.459,0.014585,0,0.0,0,0,13,1.0.0
bb_0346_sine_f350_d250_adsr_fast_am30x0.0_major_dry.wav,train,48000,16,250,-8.641,,-20.0,sine,350,major,30,0.0,adsr_fast,dry,438.112,97.144,0.018418,1,0.0,0,0,13,1.0.0
bb_0347_square_f750_d500_adsr_fast_am30x0.3_minor_dry.wav,train,48000,16,500,-8.984,,-20.0,square,750,minor,30,0.3,adsr_fast,dry,8981.264,7349.471,0.055336,1,0.3,0,0,13,1.0.0
bb_0348_fm_2to1_f750_d100_adsr_med_am0x0.3_major_rir_small.wav,train,48000,16,100,-7.483,,-18.134,fm_2to1,750,major,0,0.3,adsr_med,rir_small,3208.627,3257.151,0.095228,1,0.3,0,0,13,1.0.0
bb_0349_fm_2to1_f1000_d500_percussive_am8x0.0_minor_dry.wav,test,48000,16,500,-5.169,,-20.0,fm_2to1,1000,minor,8,0.0,percussive,dry,3724.968,2928.324,0.122755,1,0.0,0,0,13,1.0.0
bb_0350_fm_3to2_f500_d250_percussive_am0x0.5_major_rir_small.wav,train,48000,16,250,-5.941,,-16.989,fm_3to2,500,major,0,0.5,percussive,rir_small,2148.647,2338.115,0.075256,1,0.5,0,0,13,1.0.0
bb_0351_triangle_f1000_d100_adsr_med_am30x0.5_major_rir_medium.wav,train,48000,16,100,-5.625,,-19.62,triangle,1000,major,30,0.5,adsr_med,rir_medium,2448.74,3361.416,0.057304,1,0.5,0,0,13,1.0.0
bb_0352_square_f500_d100_percussive_am8x0.5_single_rir_small.wav,train,48000,16,100,-12.139,,-18.261,square,500,single,8,0.5,percussive,rir_small,7322.927,7249.18,0.026047,0,0.5,0,0,13,1.0.0
bb_0353_fm_3to2_f750_d100_adsr_fast_am0x0.5_minor_dry.wav,train,48000,16,100,-7.644,,-20.0,fm_3to2,750,minor,0,0.5,adsr_fast,dry,2680.561,1769.821,0.108981,1,0.5,0,0,13,1.0.0
bb_0354_sine_f350_d100_percussive_am0x0.0_minor_rir_small.wav,train,48000,16,100,-9.382,,-18.635,sine,350,minor,0,0.0,percussive,rir_small,1161.094,3015.717,0.01792,1,0.0,0,0,13,1.0.0
bb_0355_square_f1000_d250_adsr_med_am0x0.3_single_rir_small.wav,test,48000,16,250,-9.747,,-19.483,square,1000,single,0,0.3,adsr_med,rir_small,10194.22,7334.565,0.085924,0,0.3,0,0,13,1.0.0
bb_0356_fm_2to1_f500_d500_adsr_fast_am30x0.5_single_rir_small.wav,train,48000,16,500,-7.314,,-15.997,fm_2to1,500,single,30,0.5,adsr_fast,rir_small,1925.477,2545.963,0.023209,0,0.5,0,0,13,1.0.0
bb_0357_fm_2to1_f750_d100_percussive_am30x0.3_minor_dry.wav,test,48000,16,100,-6.383,,-20.0,fm_2to1,750,minor,30,0.3,percussive,dry,2796.977,2198.369,0.094811,1,0.3,0,0,13,1.0.0
bb_0358_fm_3to2_f750_d500_adsr_fast_am30x0.3_major_dry.wav,train,48000,16,500,-6.576,,-20.0,fm_3to2,750,major,30,0.3,adsr_fast,dry,2722.596,1786.508,0.107879,1,0.3,0,0,13,1.0.0
bb_0359_fm_2to1_f500_d250_adsr_med_am8x0.0_major_rir_small.wav,train,48000,16,250,-4.125,,-16.466,fm_2to1,500,major,8,0.0,adsr_med,rir_small,2524.467,2859.191,0.098258,1,0.0,0,0,13,1.0.0
bb_0360_sine_f500_d250_adsr_fast_am0x0.3_single_rir_small.wav,train,48000,16,250,-10.608,,-16.186,sine,500,single,0,0.3,adsr_fast,rir_small,1175.955,2897.321,0.020918,0,0.3,0,0,13,1.0.0
bb_0361_sine_f350_d100_percussive_am30x0.0_major_dry.wav,val,48000,16,100,-8.124,,-20.0,sine,350,major,30,0.0,percussive,dry,521.505,1038.323,0.018546,1,0.0,0,0,13,1.0.0
bb_0362_triangle_f500_d500_adsr_fast_am8x0.3_major_rir_medium.wav,train,48000,16,500,-6.82,,-17.683,triangle,500,major,8,0.3,adsr_fast,rir_medium,1548.361,2922.492,0.027543,1,0.3,0,0,13,1.0.0
bb_0363_fm_3to2_f350_d250_adsr_med_am8x0.0_minor_rir_medium.wav,train,48000,16,250,-6.595,,-17.032,fm_3to2,350,minor,8,0.0,adsr_med,rir_medium,1579.218,2222.705,0.051754,1,0.0,0,0,13,1.0.0
bb_0364_fm_2to1_f1000_d100_percussive_am0x0.5_major_rir_small.wav,train,48000,16,100,-7.938,,-18.856,fm_2to1,1000,major,0,0.5,percussive,rir_small,4182.651,3519.958,0.154824,1,0.5,0,0,13,1.0.0
bb_0365_sine_f750_d100_adsr_fast_am8x0.3_major_dry.wav,train,48000,16,100,-8.497,,-20.0,sine,750,major,8,0.3,adsr_fast,dry,942.175,221.47,0.039383,1,0.3,0,0,13,1.0.0
bb_0366_square_f1000_d500_adsr_med_am30x0.5_single_dry.wav,train,48000,16,500,-14.206,,-20.0,square,1000,single,30,0.5,adsr_med,dry,9895.771,7338.494,0.041668,0,0.5,0,0,13,1.0.0
bb_0367_fm_2to1_f750_d250_adsr_fast_am8x0.5_major_rir_medium.wav,train,48000,16,250,-5.113,,-17.883,fm_2to1,750,major,8,0.5,adsr_fast,rir_medium,3457.172,3205.563,0.120093,1,0.5,0,0,13,1.0.0
bb_0368_fm_2to1_f350_d100_adsr_med_am0x0.5_minor_rir_medium.wav,val,48000,16,100,-7.404,,-19.446,fm_2to1,350,minor,0,0.5,adsr_med,rir_medium,1921.405,3010.049,0.047302,1,0.5,0,0,13,1.0.0
bb_0369_fm_2to1_f500_d500_adsr_med_am30x0.0_major_rir_medium.wav,train,48000,16,500,-7.171,,-17.28,fm_2to1,500,major,30,0.0,adsr_med,rir_medium,2285.934,2391.96,0.079045,1,0.0,0,0,13,1.0.0
bb_0370_square_f1000_d500_percussive_am0x0.5_major_rir_small.wav,train,48000,16,500,-7.734,,-17.899,square,1000,major,0,0.5,percussive,rir_small,9583.797,7193.797,0.132047,1,0.5,0,0,13,1.0.0
bb_0371_fm_3to2_f1000_d100_adsr_med_am8x0.0_single_rir_small.wav,train,48000,16,100,-12.056,,-18.581,fm_3to2,1000,single,8,0.0,adsr_med,rir_small,3315.181,3091.919,0.103563,0,0.0,0,0,13,1.0.0
bb_0372_triangle_f500_d500_percussive_am8x0.5_major_rir_small.wav,train,48000,16,500,-4.477,,-17.592,triangle,500,major,8,0.5,percussive,rir_small,1820.031,3316.63,0.029876,1,0.5,0,0,13,1.0.0
bb_0373_square_f1000_d250_adsr_med_am0x0.0_major_rir_small.wav,train,48000,16,250,-6.874,,-17.638,square,1000,major,0,0.0,adsr_med,rir_small,9138.213,7142.859,0.12376,1,0.0,0,0,13,1.0.0
bb_0374_fm_3to2_f750_d250_adsr_med_am8x0.3_major_rir_small.wav,train,48000,16,250,-3.832,,-16.675,fm_3to2,750,major,8,0.3,adsr_med,rir_small,2932.949,2642.519,0.101675,1,0.3,0,0,13,1.0.0
bb_0375_square_f1000_d250_adsr_med_am0x0.5_minor_rir_small.wav,train,48000,16,250,-6.114,,-17.243,square,1000,minor,0,0.5,adsr_med,rir_small,8994.389,7241.574,0.115426,1,0.5,0,0,13,1.0.0
bb_0376_triangle_f750_d500_adsr_fast_am30x0.0_major_rir_small.wav,test,48000,16,500,-5.816,,-14.576,triangle,750,major,30,0.0,adsr_fast,rir_small,2085.965,3371.883,0.041293,1,0.0,0,0,13,1.0.0
bb_0377_fm_2to1_f750_d500_adsr_med_am8x0.3_single_rir_small.wav,train,48000,16,500,-7.006,,-14.742,fm_2to1,750,single,8,0.3,adsr_med,rir_small,2764.838,2748.065,0.099587,0,0.3,0,0,13,1.0.0
bb_0378_fm_3to2_f500_d500_adsr_med_am30x0.5_minor_dry.wav,val,48000,16,500,-6.533,,-20.0,fm_3to2,500,minor,30,0.5,adsr_med,dry,1781.575,1168.912,0.070878,1,0.5,0,0,13,1.0.0
bb_0379_fm_3to2_f350_d500_adsr_fast_am30x0.0_single_rir_medium.wav,train,48000,16,500,-6.903,,-16.101,fm_3to2,350,single,30,0.0,adsr_fast,rir_medium,1180.02,1394.47,0.04896,0,0.0,0,0,13,1.0.0
bb_0380_fm_3to2_f750_d250_adsr_med_am0x0.5_major_rir_medium.wav,train,48000,16,250,-4.846,,-16.862,fm_3to2,750,major,0,0.5,adsr_med,rir_medium,3097.664,2613.484,0.11626,1,0.5,0,0,13,1.0.0
bb_0381_fm_3to2_f350_d250_adsr_med_am30x0.3_major_rir_small.wav,val,48000,16,250,-2.35,,-15.138,fm_3to2,350,major,30,0.3,adsr_med,rir_small,1388.956,1578.03,0.048671,1,0.3,0,0,13,1.0.0
bb_0382_triangle_f1000_d100_adsr_med_am30x0.0_minor_dry.wav,test,48000,16,100,-7.036,,-20.0,triangle,1000,minor,30,0.0,adsr_med,dry,2356.962,3248.856,0.056678,1,0.0,0,0,13,1.0.0
bb_0383_square_f350_d500_adsr_fast_am0x0.3_minor_dry.wav,test,48000,16,500,-10.762,,-20.0,square,350,minor,0,0.3,adsr_fast,dry,7575.142,7323.425,0.025876,1,0.3,0,0,13,1.0.0
bb_0384_triangle_f1000_d100_adsr_med_am8x0.5_minor_rir_small.wav,train,48000,16,100,-7.596,,-18.93,triangle,1000,minor,8,0.5,adsr_med,rir_small,2480.586,3406.072,0.056887,1,0.5,0,0,13,1.0.0
bb_0385_sine_f1000_d100_adsr_fast_am8x0.3_single_dry.wav,train,48000,16,100,-12.922,,-20.0,sine,1000,single,8,0.3,adsr_fast,dry,1001.061,70.847,0.041675,0,0.3,0,0,13,1.0.0
bb_0386_sine_f500_d100_adsr_fast_am8x0.5_single_rir_medium.wav,train,48000,16,100,-13.085,,-19.711,sine,500,single,8,0.5,adsr_fast,rir_medium,594.95,948.943,0.020838,0,0.5,0,0,13,1.0.0
bb_0387_fm_2to1_f500_d250_adsr_fast_am8x0.5_major_dry.wav,train,48000,16,250,-7.942,,-20.0,fm_2to1,500,major,8,0.5,adsr_fast,dry,1898.422,1486.639,0.063089,1,0.5,0,0,13,1.0.0
bb_0388_fm_3to2_f750_d250_percussive_am8x0.5_single_rir_medium.wav,train,48000,16,250,-9.951,,-18.458,fm_3to2,750,single,8,0.5,percussive,rir_medium,2262.302,1962.358,0.08309,0,0.5,0,0,13,1.0.0
bb_0389_square_f350_d100_adsr_med_am8x0.0_single_rir_small.wav,train,48000,16,100,-12.586,,-18.086,square,350,single,8,0.0,adsr_med,rir_small,6266.979,7007.573,0.025422,0,0.0,0,0,13,1.0.0
bb_0390_square_f500_d500_percussive_am0x0.5_major_dry.wav,train,48000,16,500,-7.874,,-20.0,square,500,major,0,0.5,percussive,dry,8483.53,7385.384,0.038085,1,0.5,0,0,13,1.0.0
bb_0391_fm_2to1_f750_d250_adsr_med_am8x0.3_minor_rir_medium.wav,train,48000,16,250,-5.57,,-17.022,fm_2to1,750,minor,8,0.3,adsr_med,rir_medium,3295.86,3216.805,0.102175,1,0.3,0,0,13,1.0.0
bb_0392_fm_2to1_f1000_d100_adsr_fast_am8x0.3_major_dry.wav,train,48000,16,100,-8.482,,-20.0,fm_2to1,1000,major,8,0.3,adsr_fast,dry,3797.551,2973.178,0.123776,1,0.3,0,0,13,1.0.0
bb_0393_square_f500_d500_adsr_fast_am8x0.3_major_rir_medium.wav,train,48000,16,500,-7.255,,-17.55,square,500,major,8,0.3,adsr_fast,rir_medium,8214.265,7360.943,0.069961,1,0.3,0,0,13,1.0.0
bb_0394_sine_f750_d100_adsr_med_am8x0.3_minor_rir_medium.wav,train,48000,16,100,-9.106,,-19.583,sine,750,minor,8,0.3,adsr_med,rir_medium,1242.038,2032.267,0.038758,1,0.3,0,0,13,1.0.0
bb_0395_fm_2to1_f350_d250_adsr_med_am0x0.5_major_dry.wav,train,48000,16,250,-9.254,,-20.0,fm_2to1,350,major,0,0.5,adsr_med,dry,1332.854,1040.64,0.04442,1,0.5,0,0,13,1.0.0
bb_0396_fm_3to2_f350_d500_adsr_med_am8x0.0_minor_rir_medium.wav,test,48000,16,500,-4.856,,-16.219,fm_3to2,350,minor,8,0.0,adsr_med,rir_medium,1523.36,1994.248,0.052711,1,0.0,0,0,13,1.0.0
bb_0397_triangle_f1000_d250_percussive_am30x0.3_minor_rir_small.wav,train,48000,16,250,-4.8,,-17.957,triangle,1000,minor,30,0.3,percussive,rir_small,2488.29,3449.509,0.057255,1,0.3,0,0,13,1.0.0
bb_0398_square_f750_d500_percussive_am0x0.0_minor_dry.wav,train,48000,16,500,-7.996,,-20.0,square,750,minor,0,0.0,percussive,dry,9300.736,7350.221,0.055336,1,0.0,0,0,13,1.0.0
bb_0399_fm_3to2_f500_d500_adsr_med_am8x0.0_single_rir_medium.wav,train,48000,16,500,-6.329,,-17.109,fm_3to2,500,single,8,0.0,adsr_med,rir_medium,1896.584,2609.167,0.056711,0,0.0,0,0,13,1.0.0
